"id","session_id","rating","code_snapshot","created_at","voice_name","voice_type"
"1","e30f910a-f4ea-482e-aa9d-a028d60cae45","4","setcps(0.321)
$chord: chord(""<Ebm7 Abm7 Bbm7 Ebm7>"").voicing().slow(4).sound(""sawtooth"").lpf(sine.range(500,1200).slow(8)).gain(0.3).room(0.6).color(""magenta"")._pianoroll()
$kick: s(""bd ~ ~ bd ~ ~ bd ~"").bank(""RolandTR808"").gain(0.6).swing(0.15).lpf(2000).color(""cyan"")
$snare: s(""~ ~ sd ~ ~ sd ~ ~"").bank(""RolandTR808"").gain(0.45).swing(0.15).room(0.3).lpf(3500).color(""salmon"")
$melody: note(""<Eb4 ~ Gb4 ~> <Ab4 ~ C4 ~> <Bb4 ~ Db4 ~> <Eb4 ~ Db4 ~>"").slow(4).sound(""triangle"").lpf(1000).gain(0.25).swing(0.18).room(0.3).color(""orchid"")._scope()
$hat: s(""hh*8"").bank(""RolandTR808"").gain(rand.range(0.1,0.25)).degradeBy(0.15).lpf(3500).pan(sine.range(0.3,0.7).slow(4)).color(""gold"")","2026-02-28 20:22:43.245614+00",,
"2","e30f910a-f4ea-482e-aa9d-a028d60cae45","2","setcps(0.321)
$chord: chord(""<Ebm7 Abm7 Bbm7 Ebm7>"").voicing().slow(4).sound(""sawtooth"").lpf(sine.range(500,1200).slow(8)).gain(0.3).room(0.6).color(""magenta"")._pianoroll()
$kick: s(""bd ~ ~ bd ~ bd ~ ~"").bank(""RolandTR808"").gain(0.6).swing(0.15).lpf(2000).color(""cyan"")
$snare: s(""~ ~ sd ~ ~ sd ~ ~"").bank(""RolandTR808"").gain(0.45).swing(0.15).room(0.3).lpf(3500).pan(sine.range(0.4, 0.6).slow(6)).color(""salmon"")
$melody: note(""<Eb4 ~ Gb4 ~> <Ab4 ~ C4 ~> <Bb4 ~ Db4 ~> <Eb4 ~ Db4 ~>"").slow(4).sound(""triangle"").lpf(1000).gain(0.25).swing(0.18).room(0.3).color(""orchid"")._scope()
$hat: s(""hh*8"").bank(""RolandTR808"").gain(rand.range(0.1,0.25)).degradeBy(0.15).lpf(3500).pan(sine.range(0.3,0.7).slow(4)).swing(0.2).color(""gold"")","2026-02-28 20:26:09.299348+00",,
"3","e30f910a-f4ea-482e-aa9d-a028d60cae45","4","setcps(0.321)
$chord: chord(""<Ebm7 Abm7 Bbm7 Ebm7>"").voicing().slow(4).sound(""sine"").lpf(sine.range(500,1200).slow(8)).gain(0.3).room(0.6).color(""magenta"")._pianoroll()
$kick: s(""bd ~ ~ bd ~ bd ~ ~"").bank(""RolandTR808"").gain(0.6).swing(0.15).lpf(2000).color(""cyan"")
$snare: s(""~ ~ sd ~ ~ sd ~ ~"").bank(""RolandTR808"").gain(0.45).swing(0.15).room(0.3).lpf(3500).pan(sine.range(0.4, 0.6).slow(6)).color(""salmon"")
$melody: note(""<Eb4 ~ Gb4 ~> <Ab4 ~ C4 ~> <Bb4 ~ Db4 ~> <Eb4 ~ Db4 ~>"").slow(4).sound(""supersaw"").lpf(1000).gain(0.25).swing(0.18).room(0.3).pan(sine.range(0.2, 0.8).slow(10)).color(""orchid"")._scope()
$hat: s(""hh*8"").bank(""RolandTR808"").gain(rand.range(0.1,0.25)).degradeBy(0.15).lpf(3500).pan(sine.range(0.3,0.7).slow(4)).swing(0.2).color(""gold"")
$arp: n(""0 2 4 7 4 2"").scale(""Eb5:minor"").slow(2).sound(""sine"").attack(0.01).release(0.5).lpf(800).gain(0.18).room(0.4).swing(0.1).color(""steelblue"")","2026-02-28 20:28:32.378799+00",,
"4","e30f910a-f4ea-482e-aa9d-a028d60cae45","2","setcps(0.321)
$chord: chord(""<Ebm7 Abm7 Bbm7 Ebm7>"").voicing().slow(4).sound(""sine"").lpf(sine.range(500,1200).slow(8)).gain(0.3).room(0.6).color(""magenta"")._pianoroll()
$kick: s(""bd ~ ~ bd ~ bd ~ ~"").bank(""RolandTR808"").gain(0.6).swing(0.15).lpf(2000).color(""cyan"")
$snare: s(""~ ~ sd ~ ~ sd ~ ~"").bank(""RolandTR808"").gain(0.45).swing(0.15).room(0.3).lpf(3500).pan(sine.range(0.4, 0.6).slow(6)).color(""salmon"")
$melody: note(""<Eb4 ~ Gb4 ~> <Ab4 ~ C4 ~> <Bb4 ~ Db4 ~> <Eb4 ~ Db4 ~>"").slow(4).sound(""supersaw"").lpf(1000).gain(0.25).swing(0.18).room(0.3).pan(sine.range(0.2, 0.8).slow(10)).color(""orchid"")._scope()
$hat: s(""hh*8"").bank(""RolandTR808"").gain(rand.range(0.1,0.25)).degradeBy(0.15).lpf(3500).pan(sine.range(0.3,0.7).slow(4)).swing(0.2).color(""gold"")
$arp: n(""0 2 4 7 4 2"").scale(""Eb5:minor"").slow(1).sound(""sine"").attack(0.01).release(0.5).lpf(800).gain(0.18).room(0.4).swing(0.18).color(""steelblue"")","2026-02-28 20:29:07.92808+00",,
"5","e30f910a-f4ea-482e-aa9d-a028d60cae45","5","setcps(0.5125)
$kick: s(""bd:3"").beat(""0,4,8,12"",16).bank(""RolandTR909"").gain(0.7).lpf(sine.range(2000, 4000).slow(4)).color(""orange"")
$bass: note(""D2 D2 D2 D2 ~ D2 D2 ~"").sound(""square"").lpf(sine.range(200,800).slow(8)).gain(0.4).color(""cyan"")._pianoroll()
$hat: s(""hh:2"").beat(""2,6,10,14"",16).bank(""RolandTR909"").gain(0.25).hpf(5000).color(""lime"")","2026-02-28 20:31:13.648369+00",,
"6","e30f910a-f4ea-482e-aa9d-a028d60cae45","2","setcps(0.5125)
$kick: s(""bd:3"").beat(""0,4,8,12"",16).bank(""RolandTR909"").gain(0.7).lpf(sine.range(2000, 4000).slow(4)).color(""orange"")
$bass: note(""D2 D2 D2 D2 ~ D2 D2 ~"").sound(""square"").lpf(sine.range(200,800).slow(8)).gain(0.4).color(""cyan"")._pianoroll()
$hat: s(""hh:2"").beat(""2,6,10,14"",16).bank(""RolandTR909"").gain(0.25).hpf(5000).swing(0.05).color(""lime"")","2026-02-28 20:32:22.990931+00",,
"7","e30f910a-f4ea-482e-aa9d-a028d60cae45","4","setcps(0.5125)
$kick: s(""bd:3"").beat(""0,4,8,12"",16).bank(""RolandTR909"").gain(0.7).lpf(sine.range(2000, 4000).slow(4)).color(""orange"")
$bass: note(""D2 D2 D2 D2 ~ D2 D2 ~"").sound(""square"").lpf(sine.range(200,800).slow(8)).gain(0.4).color(""cyan"")._pianoroll()","2026-02-28 20:32:50.249085+00",,
"8","e30f910a-f4ea-482e-aa9d-a028d60cae45","5","setcps(0.5125)
$kick: s(""bd:3"").beat(""0,4,8,12"",16).bank(""RolandTR909"").gain(0.7).lpf(sine.range(2000, 4000).slow(4)).color(""orange"")
$bass: note(""D2 D2 D2 D2 ~ D2 D2 ~"").sound(""square"").lpf(sine.range(200,800).slow(8)).gain(0.4).color(""cyan"")._pianoroll()
$clap: s(""cp"").beat(""4,12"",16).bank(""RolandTR909"").gain(0.4).room(0.3).color(""magenta"")","2026-02-28 20:33:20.404557+00",,
"9","e30f910a-f4ea-482e-aa9d-a028d60cae45","5","setcps(0.5125)
$kick: s(""bd:3"").beat(""0,4,8,12"",16).bank(""RolandTR909"").gain(0.7).lpf(sine.range(2000, 4000).slow(4)).color(""orange"")
$bass: note(""D2 D2 D2 D2 ~ D2 D2 ~"").sound(""square"").lpf(sine.range(200,800).slow(8)).gain(0.45).color(""cyan"")._pianoroll()
$clap: s(""cp"").beat(""4,12"",16).bank(""RolandTR909"").gain(0.45).room(0.3).degradeBy(0.1).color(""magenta"")
$piano: note(""D3m"").beat(""1,5,9,13"",16).sound(""piano"").attack(0.01).release(0.1).lpf(sine.range(400, 1500).slow(4)).gain(0.22).room(0.2).color(""gold"")._pianoroll()","2026-02-28 20:35:39.468688+00",,
"10","e30f910a-f4ea-482e-aa9d-a028d60cae45","4","setcps(0.5125)
$kick: s(""bd:3"").beat(""0,4,8,12"",16).bank(""RolandTR909"").gain(0.7).lpf(sine.range(2000, 4000).slow(4)).color(""orange"")._scope()
$bass: note(""D2 D2 D2 D2 ~ D2 D2 ~"").sound(""square"").lpf(sine.range(200,800).slow(8)).gain(0.45).color(""cyan"")._pianoroll()
$clap: s(""cp"").beat(""4,12"",16).bank(""RolandTR909"").gain(0.45).room(0.3).degradeBy(0.1).color(""magenta"")
$piano: note(""D3m"").beat(""1,5,9,13"",16).degradeBy(0.2).sound(""piano"").attack(0.01).release(0.1).lpf(sine.range(400, 1500).slow(4)).gain(0.22).room(0.2).delay(0.2).delaytime(0.25).delayfeedback(0.6).color(""gold"")._pianoroll()
$hat: s(""hh"").beat(""2,6,10,14"",16).bank(""RolandTR909"").gain(0.2).hpf(6000).swing(0.05).color(""lime"")._spectrum()","2026-02-28 20:37:17.213302+00",,
"11","e30f910a-f4ea-482e-aa9d-a028d60cae45","1","setcps(0.5125)
$kick: s(""bd:3"").beat(""0,4,8,12"",16).bank(""RolandTR909"").gain(0.7).lpf(sine.range(2000, 4000).slow(4)).color(""orange"")._scope()
$bass: note(""D2 D2 D2 D2 ~ D2 D2 ~"").sound(""square"").lpf(sine.range(200,800).slow(8)).gain(0.45).color(""cyan"")._pianoroll()
$clap: s(""cp"").beat(""4,12"",16).bank(""RolandTR909"").gain(0.45).room(0.3).degradeBy(0.1).color(""magenta"")
$piano: note(""D3m"").beat(""1,5,9,13"",16).degradeBy(0.2).sound(""piano"").attack(0.01).release(0.1).lpf(sine.range(400, 1500).slow(4)).gain(0.18).room(0.2).delay(0.2).delaytime(0.25).delayfeedback(0.6).pan(sine.range(0.3, 0.7).slow(8)).color(""gold"")._pianoroll()
$hat: s(""hh"").beat(""2,6,10,14"",16).bank(""RolandTR909"").gain(rand.range(0.18, 0.22)).hpf(6000).swing(0.05).color(""lime"")._spectrum()","2026-02-28 20:38:18.61888+00",,
"12","e30f910a-f4ea-482e-aa9d-a028d60cae45","2","setcps(0.5125)
$kick: s(""bd:3"").beat(""0,4,8,12"",16).bank(""RolandTR909"").gain(0.7).lpf(sine.range(2000, 4000).slow(4)).color(""orange"")._scope()
$bass: note(""D2 D2 D2 D2 ~ D2 D2 ~"").sound(""square"").lpf(sine.range(200,800).slow(8)).gain(0.45).color(""cyan"")._pianoroll()
$clap: s(""cp"").beat(""4,12"",16).bank(""RolandTR909"").gain(0.45).room(0.3).degradeBy(0.1).color(""magenta"")._spiral()
$hat: s(""hh"").beat(""2,6,10,14"",16).bank(""RolandTR909"").gain(rand.range(0.18, 0.22)).hpf(6000).swing(0.05).color(""lime"")._spectrum()","2026-02-28 20:39:17.064811+00",,
"13","e30f910a-f4ea-482e-aa9d-a028d60cae45","4","setcps(0.5125)
$kick: s(""bd:3"").beat(""0,4,8,12"",16).bank(""RolandTR909"").gain(0.7).lpf(sine.range(2000, 4000).slow(4)).color(""orange"")._scope()
$bass: note(""D2 D2 D2 D2 ~ D2 D2 ~"").sound(""square"").lpf(sine.range(200,800).slow(8)).gain(0.45).color(""cyan"")._pianoroll()","2026-02-28 20:39:36.414397+00",,
"14","e30f910a-f4ea-482e-aa9d-a028d60cae45","5","setcps(0.5125)
$kick: s(""bd:3"").beat(""0,4,8,12"",16).bank(""RolandTR909"").gain(0.7).lpf(sine.range(2000, 4000).slow(4)).color(""orange"")._scope()
$bass: note(""D2 D2 D2 D2 ~ D2 D2 ~"").sound(""square"").lpf(sine.range(200,800).slow(8)).gain(0.45).color(""cyan"")._pianoroll()
$hat: s(""hh"").beat(""2,6,10,14"",16).bank(""RolandTR909"").gain(0.25).hpf(5000).degradeBy(0.1).color(""lime"")._spiral()
$chord: chord(""D3m7"").sound(""supersaw"").attack(0.5).release(1.5).lpf(sine.range(400, 1500).slow(8)).gain(0.3).room(0.3).degradeBy(0.2).color(""gold"")._pianoroll()","2026-02-28 20:41:14.248116+00",,
"15","e30f910a-f4ea-482e-aa9d-a028d60cae45","5","setcps(0.5125)
$kick: s(""bd:3"").beat(""0,4,8,12"",16).bank(""RolandTR909"").gain(0.7).lpf(sine.range(2000, 4000).slow(4)).color(""orange"")._scope()
$bass: note(""D2 D2 D2 D2 ~ D2 D2 ~"").sound(""square"").lpf(sine.range(200,800).slow(8)).gain(0.45).color(""cyan"")._pianoroll()
$hat: s(""hh"").beat(""2,6,10,14"",16).bank(""RolandTR909"").gain(0.25).hpf(5000).degradeBy(0.1).color(""lime"")._spiral()
$chord: chord(""D3m7"").beat(""0,8"",16).sound(""supersaw"").attack(0.01).release(0.3).lpf(sine.range(400, 1500).slow(8)).gain(0.3).room(0.3).degradeBy(0.2).color(""gold"")._pianoroll()","2026-02-28 20:41:33.664722+00",,
"16","e30f910a-f4ea-482e-aa9d-a028d60cae45","5","setcps(0.5125)
$kick: s(""bd:3"").beat(""0,4,8,12"",16).bank(""RolandTR909"").gain(0.7).lpf(sine.range(2000, 4000).slow(4)).color(""orange"")._scope()
$bass: note(""D2 D2 D2 D2 ~ D2 D2 ~"").sound(""square"").lpf(sine.range(200,800).slow(8)).gain(0.45).sometimesBy(0.3, x => x.fast(2)).color(""cyan"")._pianoroll()
$hat: s(""hh"").beat(""2,6,10,14"",16).bank(""RolandTR909"").gain(0.25).hpf(5000).degradeBy(0.1).color(""lime"")._spiral()
$chord: chord(""D3m7"").beat(""0,8"",16).sound(""supersaw"").attack(0.01).release(0.3).lpf(sine.range(400, 1500).slow(8)).gain(0.3).room(0.3).degradeBy(0.2).color(""gold"")._pianoroll()","2026-02-28 20:41:46.872769+00",,
"17","e30f910a-f4ea-482e-aa9d-a028d60cae45","1","setcps(0.5125)
$kick: s(""bd:3"").beat(""0,4,8,12"",16).bank(""RolandTR909"").gain(0.7).lpf(sine.range(2000, 4000).slow(4)).color(""orange"")._scope()
$bass: note(""D2 D2 D2 D2 ~ D2 D2 ~"").sound(""square"").lpf(sine.range(200,800).slow(8)).gain(0.45).sometimesBy(0.3, x => x.fast(2)).color(""cyan"")._pianoroll()
$hat: s(""hh"").beat(""2,6,10,14"",16).bank(""RolandTR909"").gain(0.25).hpf(5000).degradeBy(0.1).pan(sine.range(0.4, 0.6).slow(4)).swing(0.05).color(""lime"")._spiral()
$chord: chord(""D3m7"").beat(""0,8"",16).sound(""supersaw"").attack(0.01).release(0.3).lpf(sine.range(400, 1500).slow(8)).gain(0.3).room(0.3).degradeBy(0.2).color(""gold"")._pianoroll()","2026-02-28 20:42:41.793134+00",,
"18","e30f910a-f4ea-482e-aa9d-a028d60cae45","5","setcps(0.5125)
$kick: s(""bd:3"").beat(""0,4,8,12"",16).bank(""RolandTR909"").gain(0.7).lpf(sine.range(2000, 4000).slow(4)).color(""orange"")._scope()
$bass: note(""D2 D2 D2 D2 ~ D2 D2 ~"").sound(""square"").lpf(sine.range(200,800).slow(8)).gain(0.45).sometimesBy(0.3, x => x.fast(2)).color(""cyan"")._pianoroll()
$hat: s(""hh"").beat(""2,6,10,14"",16).bank(""RolandTR909"").gain(0.25).hpf(5000).lpf(sine.range(6000, 8000).slow(6)).degradeBy(0.1).pan(sine.range(0.4, 0.6).slow(4)).swing(0.05).color(""lime"")._spiral()
$chord: chord(""D3m7"").beat(""0,8"",16).sound(""supersaw"").attack(0.01).release(0.3).lpf(sine.range(400, 1500).slow(8)).gain(0.3).room(0.3).degradeBy(0.2).delay(0.2).delaytime(0.25).color(""gold"")._pianoroll()
$clap: s(""cp"").beat(""4,12"",16).bank(""RolandTR909"").gain(0.4).room(0.3).color(""steelblue"")._spectrum()","2026-02-28 20:44:40.946138+00",,
"19","e30f910a-f4ea-482e-aa9d-a028d60cae45","5","setcps(0.5125)
$kick: s(""bd:3"").beat(""0,4,8,12"",16).bank(""RolandTR909"").gain(0.7).lpf(sine.range(2000, 4000).slow(4)).color(""orange"")._scope()
$bass: note(""D2 D2 D2 D2 ~ D2 D2 ~"").sound(""square"").lpf(sine.range(200,800).slow(8)).gain(0.45).sometimesBy(0.3, x => x.fast(2)).color(""cyan"")._pianoroll()
$hat: s(""hh"").beat(""2,6,10,14"",16).bank(""RololTR909"").gain(0.25).hpf(5000).lpf(sine.range(6000, 8000).slow(6)).degradeBy(0.1).pan(sine.range(0.4, 0.6).slow(4)).color(""lime"")._spiral()
$chord: chord(""D3m7"").beat(""0,8"",16).sound(""supersaw"").attack(0.01).release(0.3).lpf(sine.range(400, 1500).slow(8)).gain(0.3).room(0.3).degradeBy(0.2).delay(0.2).delaytime(0.25).color(""gold"")._pianoroll()
$clap: s(""cp"").beat(""4,12"",16).bank(""RolandTR909"").gain(0.4).room(0.3).color(""steelblue"")._spectrum()","2026-02-28 20:46:09.552185+00",,
"20","e30f910a-f4ea-482e-aa9d-a028d60cae45","5","setcps(0.5125)
$kick: s(""bd:3"").beat(""0,4,8,12"",16).bank(""RolandTR909"").gain(0.7).lpf(sine.range(2000, 4000).slow(4)).color(""orange"")._scope()
$bass: note(""D2 D2 D2 D2 ~ D2 D2 ~"").sound(""square"").lpf(sine.range(200,800).slow(8)).gain(0.45).sometimesBy(0.3, x => x.fast(2)).color(""cyan"")._pianoroll()
$hat: s(""hh"").beat(""2,6,10,14"",16).bank(""RololTR909"").gain(0.25).hpf(5000).lpf(sine.range(6000, 8000).slow(6)).degradeBy(0.1).pan(sine.range(0.4, 0.6).slow(4)).color(""lime"")._spiral()
$chord: chord(""D3m7"").beat(""0,8"",16).sound(""supersaw"").attack(0.01).release(0.3).lpf(sine.range(400, 1500).slow(8)).gain(0.3).room(0.3).degradeBy(0.2).delay(0.2).delaytime(0.25).color(""gold"")._pianoroll()
$clap: s(""cp"").beat(""4,12"",16).bank(""RolandTR909"").gain(0.4).room(0.3).lpf(sine.range(1000, 3000).slow(8)).color(""steelblue"")._spectrum()","2026-02-28 20:46:46.272325+00",,
"21","e30f910a-f4ea-482e-aa9d-a028d60cae45","4","setcps(0.5125)
$kick: s(""bd:3"").beat(""0,4,8,12"",16).bank(""RolandTR909"").gain(0.7).lpf(sine.range(2000, 4000).slow(4)).color(""orange"")._scope()
$bass: note(""D2 D2 D2 D2 ~ D2 D2 ~"").sound(""square"").lpf(sine.range(200,800).slow(8)).gain(0.45).sometimesBy(0.4, x => x.fast(2)).color(""cyan"")._pianoroll()
$hat: s(""hh"").beat(""2,6,10,14"",16).bank(""RololTR909"").gain(0.25).hpf(5000).lpf(sine.range(6000, 8000).slow(6)).degradeBy(0.1).pan(sine.range(0.4, 0.6).slow(4)).color(""lime"")._spiral()
$chord: chord(""D3m7"").beat(""0,8"",16).sound(""supersaw"").attack(0.01).release(0.3).lpf(sine.range(400, 1500).slow(8)).gain(0.3).room(0.3).degradeBy(0.2).delay(0.2).delaytime(0.25).color(""gold"")._pianoroll()
$clap: s(""cp"").beat(""4,12"",16).bank(""RolandTR909"").gain(0.4).room(0.3).lpf(sine.range(1000, 3000).slow(8)).color(""steelblue"")._spectrum()","2026-02-28 20:48:01.0141+00",,
"22","e30f910a-f4ea-482e-aa9d-a028d60cae45","3","setcps(0.5125)
$kick: s(""bd:3"").beat(""0,4,8,12"",16).bank(""RolandTR909"").gain(0.7).lpf(sine.range(2000, 4000).slow(4)).color(""tomato"")._scope()
$bass: note(""D2 D2 D2 D2 ~ D2 D2 ~"").sound(""square"").lpf(sine.range(200,800).slow(8)).gain(0.45).sometimesBy(0.4, x => x.fast(2)).color(""cyan"")._pianoroll()
$hat: s(""hh"").beat(""2,6,10,14"",16).bank(""RololTR909"").gain(0.25).hpf(5000).lpf(sine.range(6000, 8000).slow(6)).degradeBy(0.1).pan(sine.range(0.4, 0.6).slow(4)).color(""lime"")._spiral()
$chord: chord(""D3m7"").beat(""0,8"",16).sound(""supersaw"").attack(0.01).release(0.3).lpf(sine.range(400, 1500).slow(8)).gain(0.3).room(0.3).degradeBy(0.2).delay(0.2).delaytime(0.25).color(""gold"")._pianoroll()
$clap: s(""cp"").beat(""4,12"",16).bank(""RolandTR909"").gain(0.4).room(0.3).lpf(sine.range(1000, 3000).slow(8)).color(""steelblue"")._spectrum()","2026-02-28 20:48:30.994196+00",,
"23","e30f910a-f4ea-482e-aa9d-a028d60cae45","2","setcps(0.5125)
$kick: s(""bd:3"").beat(""0,4,8,12"",16).bank(""RolandTR909"").gain(0.7).lpf(sine.range(2000, 4000).slow(4)).color(""tomato"")._scope()
$bass: note(""D2 D2 D2 D2 ~ D2 D2 ~"").sound(""square"").lpf(sine.range(200,800).slow(8)).gain(0.45).sometimesBy(0.4, x => x.fast(2)).color(""cyan"")._pianoroll()
$hat: s(""hh"").beat(""2,6,10,14"",16).bank(""RolandTR909"").gain(0.3).hpf(5000).lpf(sine.range(6000, 8000).slow(6)).degradeBy(0.1).pan(sine.range(0.4, 0.6).slow(4)).color(""lime"")._spiral()
$chord: chord(""D3m9"").beat(""0,8"",16).sound(""supersaw"").attack(0.01).release(0.3).lpf(sine.range(400, 1500).slow(8)).gain(0.3).room(0.3).degradeBy(0.2).delay(0.2).delaytime(0.25).color(""gold"")._pianoroll()
$clap: s(""cp"").beat(""4,12"",16).bank(""RolandTR909"").gain(0.4).room(0.3).lpf(sine.range(1000, 3000).slow(8)).color(""steelblue"")._spectrum()
$perc: note(""C6"").sound(""sine"").attack(0.01).release(0.1).hpf(8000).gain(0.1).degradeBy(0.7).pan(sine.range(0,1).slow(3)).lpf(sine.range(2000, 6000).slow(4)).color(""orchid"")._scope()","2026-02-28 20:50:43.949001+00",,
"24","e30f910a-f4ea-482e-aa9d-a028d60cae45","4","setcps(0.5125)
$kick: s(""bd:3"").beat(""0,4,8,12"",16).bank(""RolandTR909"").gain(0.7).lpf(sine.range(2000, 4000).slow(4)).color(""tomato"")._scope()
$bass: note(""D2 D2 D2 D2 ~ D2 D2 ~"").sound(""square"").lpf(sine.range(200,800).slow(8)).gain(0.45).sometimesBy(0.4, x => x.fast(2)).color(""cyan"")._pianoroll()
$hat: s(""hh"").beat(""2,6,10,14"",16).bank(""RolandTR909"").gain(0.3).hpf(5000).lpf(sine.range(6000, 8000).slow(6)).degradeBy(0.1).pan(sine.range(0.4, 0.6).slow(4)).color(""lime"")._spiral()
$chord: chord(""D3m9"").beat(""0,8"",16).sound(""supersaw"").attack(0.01).release(0.3).lpf(sine.range(400, 1500).slow(8)).gain(0.3).room(0.3).degradeBy(0.2).delay(0.2).delaytime(0.25).color(""gold"")._pianoroll()
$clap: s(""cp"").beat(""4,12"",16).bank(""RolandTR909"").gain(0.4).room(0.3).lpf(sine.range(1000, 3000).slow(8)).color(""steelblue"")._spectrum()
$perc: note(""C6"").sound(""sine"").attack(0.01).release(0.1).hpf(8000).gain(0.1).degradeBy(0.7).pan(sine.range(0,1).slow(3)).lpf(sine.range(2000, 6000).slow(4)).color(""orchid"")._scope()","2026-02-28 20:51:06.708321+00",,
"25","e30f910a-f4ea-482e-aa9d-a028d60cae45","4","setcps(0.5125)
$kick: s(""bd:3"").beat(""0,4,8,12"",16).bank(""RolandTR909"").gain(0.7).lpf(sine.range(2000, 4000).slow(4)).color(""tomato"")._scope()
$bass: note(""D2 D2 D2 D2 ~ D2 D2 ~"").sound(""square"").lpf(sine.range(200,800).slow(8)).gain(0.5).sometimesBy(0.4, x => x.fast(2)).color(""cyan"")._pianoroll()
$hat: s(""hh:1"").beat(""2,6,10,14"",16).bank(""RolandTR909"").gain(0.7).hpf(5000).lpf(sine.range(6000, 8000).slow(6)).degradeBy(0.1).pan(sine.range(0.4, 0.6).slow(4)).color(""lime"")._spiral()
$chord: chord(""D3m9"").beat(""0,8"",16).sound(""supersaw"").attack(0.01).release(0.3).lpf(sine.range(400, 1500).slow(8)).gain(0.3).room(0.3).degradeBy(0.2).delay(0.2).delaytime(0.25).color(""gold"")._pianoroll()
$clap: s(""cp"").beat(""4,12"",16).bank(""RolandTR909"").gain(0.4).room(0.3).lpf(sine.range(1000, 3000).slow(8)).color(""steelblue"")._spectrum()
$perc: note(""C6"").sound(""sine"").attack(0.01).release(0.1).hpf(8000).gain(0.1).degradeBy(0.7).pan(sine.range(0,1).slow(3)).lpf(sine.range(2000, 6000).slow(4)).color(""orchid"")._scope()","2026-02-28 20:51:44.282187+00",,
"26","e30f910a-f4ea-482e-aa9d-a028d60cae45","4","setcps(0.5125)
$kick: s(""bd:3"").beat(""0,4,8,12"",16).bank(""RolandTR909"").gain(0.7).lpf(sine.range(2000, 4000).slow(4)).color(""orange"")._scope()
$bass: note(""D8 E4 D2 D4 ~ D2 D2 ~"").sound(""square"").lpf(sine.range(200,800).slow(8)).gain(0.5).sometimesBy(0.4, x => x.fast(2)).color(""cyan"")._pianoroll()
$hat: s(""hh:2"").beat(""1,4,5,12"",16).bank(""RolandTR909"").gain(0.3).hpf(5000).lpf(sine.range(3000, 8000).slow(6)).degradeBy(0.1).pan(sine.range(0.4, 0.6).slow(4)).color(""lime"")._spiral()
$chord: chord(""D3m9"").beat(""0,8"",16).sound(""supersaw"").attack(0.01).release(0.3).lpf(sine.range(400, 1500).slow(8)).gain(0.3).room(0.3).degradeBy(0.2).delay(0.2).delaytime(0.25).color(""gold"")._pianoroll()
$clap: s(""cp"").beat(""4,12"",16).bank(""RolandTR909"").gain(0.4).room(0.3).lpf(sine.range(1000, 3000).slow(8)).color(""steelblue"")._spectrum()
$perc: note(""C6"").sound(""sine"").attack(0.01).release(0.1).hpf(8000).gain(0.1).degradeBy(0.7).pan(sine.range(0,1).slow(3)).lpf(sine.range(2000, 6000).slow(4)).color(""orchid"")._scope()","2026-02-28 20:53:13.676221+00",,
"27","e30f910a-f4ea-482e-aa9d-a028d60cae45","1","setcps(0.5125)
$kick: s(""bd:3"").beat(""0,4,8,12"",16).bank(""RolandTR909"").gain(0.7).lpf(sine.range(2000, 4000).slow(4)).color(""orange"")._scope()
$bass: note(""D8 E4 D2 D4 ~ D2 D2 ~"").sound(""square"").lpf(sine.range(200,800).slow(8)).gain(0.5).sometimesBy(0.4, x => x.fast(2)).color(""cyan"")._pianoroll()
$hat: s(""hh:2"").beat(""1,4,5,12"",16).bank(""RolandTR909"").gain(0.3).hpf(5000).lpf(sine.range(3000, 8000).slow(6)).degradeBy(0.1).pan(sine.range(0.4, 0.6).slow(4)).color(""lime"")._spiral()
$chord: chord(""D3m9"").beat(""0,8"",16).sound(""supersaw"").attack(0.01).release(0.3).lpf(sine.range(400, 1500).slow(8)).gain(0.3).room(0.3).degradeBy(0.2).delay(0.2).delaytime(0.25).color(""gold"")._pianoroll()
$clap: s(""cp"").beat(""4,12"",16).bank(""RolandTR909"").gain(0.4).room(0.3).lpf(sine.range(1000, 3000).slow(8)).color(""steelblue"")._spectrum()
$perc: note(""C6"").sound(""sine"").attack(0.01).release(0.1).hpf(8000).gain(0.1).degradeBy(0.7).pan(sine.range(0,1).slow(3)).lpf(sine.range(2000, 6000).slow(4)).color(""orchid"")._scope()","2026-02-28 20:53:16.157413+00",,
"28","e30f910a-f4ea-482e-aa9d-a028d60cae45","1","setcps(0.5125)
$kick: s(""bd:3"").beat(""0,4,8,12"",16).bank(""RolandTR909"").gain(0.7).lpf(sine.range(2000, 4000).slow(4)).color(""orange"")._scope()
$bass: note(""D8 E4 D2 D4 ~ D2 D2 ~"").sound(""square"").lpf(sine.range(200,800).slow(8)).gain(0.5).sometimesBy(0.4, x => x.fast(2)).color(""cyan"")._pianoroll()
$hat: s(""hh:2"").beat(""1,4,5,12"",16).bank(""RolandTR909"").gain(0.3).hpf(5000).lpf(sine.range(3000, 8000).slow(6)).degradeBy(0.1).pan(sine.range(0.4, 0.6).slow(4)).color(""lime"")._spiral()
$chord: chord(""D3m9"").beat(""0,8"",16).sound(""supersaw"").attack(0.01).release(0.3).lpf(sine.range(400, 1500).slow(8)).gain(0.3).room(0.3).degradeBy(0.2).delay(0.2).delaytime(0.25).color(""gold"")._pianoroll()
$clap: s(""cp"").beat(""4,12"",16).bank(""RolandTR909"").gain(0.4).room(0.3).lpf(sine.range(1000, 3000).slow(8)).color(""steelblue"")._spectrum()
$perc: note(""C6"").sound(""sine"").attack(0.01).release(0.1).hpf(8000).gain(0.1).degradeBy(0.7).pan(sine.range(0,1).slow(3)).lpf(sine.range(2000, 6000).slow(4)).color(""orchid"")._scope()","2026-02-28 20:53:23.012915+00",,
"29","e30f910a-f4ea-482e-aa9d-a028d60cae45","2","setcps(0.5125)
$kick: s(""bd:3"").beat(""0,4,8,12"",16).bank(""RolandTR909"").gain(0.7).lpf(sine.range(2000, 4000).slow(4)).pan(sine.range(0.2, 0.8).slow(6)).color(""orange"")._scope()
$bass: note(""D8 E4 D2 D4 ~ D2 D2 ~"").sound(""square"").lpf(sine.range(200,800).slow(8)).gain(0.5).sometimesBy(0.4, x => x.fast(2)).color(""cyan"")._pianoroll()","2026-02-28 20:54:00.496195+00",,
"30","7026a26e-1e34-486e-bbb2-c4c4a0878a00","4","setcps(122/60/4)
$kick: sound(""bd:3"").beat(""0,4,8,12"",16).bank(""RolandTR909"").gain(0.7).lpf(3000).color(""red"")
$bass: note(""C2 C2 C2 C2 ~ C2 C2 ~"").sound(""square"").lpf(sine.range(200, 800).slow(8)).gain(0.4).color(""blue"")._pianoroll()","2026-02-28 23:53:01.69167+00",,
"31","7026a26e-1e34-486e-bbb2-c4c4a0878a00","3","setcps(122/60/4)
$kick: sound(""bd:3"").beat(""0,4,8,12"",16).bank(""RolandTR909"").gain(0.7).lpf(sine.range(2000, 4000).slow(4)).color(""red"")
$bass: note(""C2 C2 C2 C2 ~ C2 C2 ~"").sound(""square"").lpf(sine.range(200, 800).slow(8)).gain(0.4).color(""blue"")._pianoroll()
$piano: chord(""<Cm Cm Ebmaj Bbmaj>"").voicing().sound(""piano"").lpf(800).gain(0.2).room(0.2).color(""green"")","2026-02-28 23:54:34.167422+00",,
"32","7026a26e-1e34-486e-bbb2-c4c4a0878a00","5","setcps(122/60/4)
$kick: sound(""bd:3"").beat(""0,4,8,12"",16).bank(""RolandTR909"").gain(0.7).lpf(sine.range(2000, 4000).slow(4)).color(""red"")
$bass: note(""C2 C2 C2 C2 ~ C2 C2 ~"").sound(""square"").lpf(sine.range(200, 800).slow(8)).gain(0.4).color(""blue"")._pianoroll()
$piano: chord(""<Cm Cm Ebmaj Bbmaj>"").voicing().sound(""piano"").lpf(800).gain(0.2).room(0.2).color(""green"")","2026-02-28 23:54:52.423829+00","kick","drum"
"33","7026a26e-1e34-486e-bbb2-c4c4a0878a00","5","setcps(122/60/4)
$kick: sound(""bd:3"").beat(""0,4,8,12"",16).bank(""RolandTR909"").gain(0.7).lpf(sine.range(2000, 4000).slow(4)).color(""red"")
$bass: note(""C2 C2 C2 C2 ~ C2 C2 ~"").sound(""square"").lpf(sine.range(200, 800).slow(8)).gain(0.4).color(""blue"")._pianoroll()
$piano: chord(""<Cm Cm Ebmaj Bbmaj>"").voicing().sound(""piano"").lpf(800).gain(0.2).room(0.2).color(""green"")","2026-02-28 23:54:53.804574+00","bass","bass"
"34","7026a26e-1e34-486e-bbb2-c4c4a0878a00","1","setcps(122/60/4)
$kick: sound(""bd:3"").beat(""0,4,8,12"",16).bank(""RolandTR909"").gain(0.7).lpf(sine.range(2000, 4000).slow(4)).color(""red"")
$bass: note(""C2 C2 C2 C2 ~ C2 C2 ~"").sound(""square"").lpf(sine.range(200, 800).slow(8)).gain(0.4).color(""blue"")._pianoroll()
$piano: chord(""<Cm Cm Ebmaj Bbmaj>"").voicing().sound(""piano"").lpf(800).gain(0.2).room(0.2).color(""green"")","2026-02-28 23:54:58.338888+00","piano","synth"
"35","7026a26e-1e34-486e-bbb2-c4c4a0878a00","5","setcps(122/60/4)
$kick: sound(""bd:3"").beat(""0,4,8,12"",16).bank(""RolandTR909"").gain(0.7).lpf(sine.range(2000, 4000).slow(4)).color(""red"")
$bass: note(""C2 C2 C2 C2 ~ C2 C2 ~"").sound(""square"").lpf(sine.range(200, 800).slow(8)).gain(0.4).color(""blue"")._pianoroll()
$piano: chord(""<Cm Cm Ebmaj Bbmaj>"").voicing().sound(""piano"").lpf(800).gain(0.2).room(0.2).color(""green"")","2026-02-28 23:55:01.394416+00",,
"36","7026a26e-1e34-486e-bbb2-c4c4a0878a00","3","setcps(122/60/4)
$kick: sound(""bd:3"").beat(""0,4,8,12"",16).bank(""RolandTR909"").gain(0.7).lpf(sine.range(2000, 4000).slow(4)).color(""red"")
$bass: note(""C2 C2 C2 C2 ~ C2 C2 ~"").sound(""square"").lpf(sine.range(200, 800).slow(8)).gain(0.4).color(""blue"")._pianoroll()","2026-02-28 23:55:22.081325+00","piano",
"37","7026a26e-1e34-486e-bbb2-c4c4a0878a00","5","setcps(122/60/4)
$kick: sound(""bd:3"").beat(""0,4,8,12"",16).bank(""RolandTR909"").gain(0.7).lpf(sine.range(2000, 4000).slow(4)).pan(sine.range(0.3, 0.7).slow(8)).color(""red"")
$bass: note(""C2 C2 C2 C2 ~ C2 C2 ~"").sound(""square"").lpf(sine.range(200, 800).slow(8)).gain(0.4).color(""blue"")
$piano: chord(""<Cm Fm Gm Cm>"").voicing().sound(""piano"").lpf(800).gain(0.2).room(0.2).color(""green"")._pianoroll()","2026-02-28 23:56:06.980355+00",,
"38","7026a26e-1e34-486e-bbb2-c4c4a0878a00","5","setcps(122/60/4)
$kick: sound(""bd:3"").beat(""0,4,8,12"",16).bank(""RolandTR909"").gain(0.7).lpf(sine.range(2000, 4000).slow(4)).pan(sine.range(0.3, 0.7).slow(8)).color(""red"")
$bass: note(""C2 C2 C2 C2 ~ C2 C2 ~"").sound(""square"").lpf(sine.range(200, 800).slow(8)).gain(0.4).color(""blue"")
$piano: chord(""<Cm Fm Gm Cm>"").voicing().sound(""piano"").lpf(800).gain(0.2).room(0.2).color(""green"")._pianoroll()","2026-02-28 23:56:09.640047+00","bass","bass"
"39","7026a26e-1e34-486e-bbb2-c4c4a0878a00","5","setcps(122/60/4)
$kick: sound(""bd:3"").beat(""0,4,8,12"",16).bank(""RolandTR909"").gain(0.7).lpf(sine.range(2000, 4000).slow(4)).pan(sine.range(0.3, 0.7).slow(8)).color(""red"")
$bass: note(""C2 C2 C2 C2 ~ C2 C2 ~"").sound(""square"").lpf(sine.range(200, 800).slow(8)).gain(0.4).color(""blue"")
$piano: chord(""<Cm Fm Gm Cm>"").voicing().sound(""piano"").lpf(800).gain(0.2).room(0.2).color(""green"")._pianoroll()","2026-02-28 23:56:12.593956+00","piano","synth"
"40","7026a26e-1e34-486e-bbb2-c4c4a0878a00","5","setcps(122/60/4)
$kick: sound(""bd:3"").beat(""0,4,8,12"",16).bank(""RolandTR909"").gain(0.7).lpf(sine.range(2000, 4000).slow(4)).pan(sine.range(0.3, 0.7).slow(8)).color(""red"")
$bass: note(""C2 C2 C2 C2 ~ C2 C2 ~"").sound(""square"").lpf(sine.range(200, 800).slow(8)).gain(0.4).color(""blue"")
$piano: chord(""<Cm Fm Gm Cm>"").voicing().sound(""piano"").lpf(800).gain(0.2).room(0.2).color(""green"")._pianoroll()","2026-02-28 23:56:13.746717+00","bass","bass"
"41","7026a26e-1e34-486e-bbb2-c4c4a0878a00","3","setcps(122/60/4)
$kick: sound(""bd:3"").beat(""0,4,8,12"",16).bank(""RolandTR909"").gain(0.7).lpf(sine.range(2000, 4000).slow(4)).pan(sine.range(0.3, 0.7).slow(8)).color(""red"")
$bass: note(""C2 C2 C2 C2 ~ C2 C2 ~"").sound(""square"").lpf(sine.range(200, 800).slow(8)).gain(0.4).color(""blue"")
$piano: chord(""<Cm Fm Gm Cm>"").voicing().sound(""piano"").lpf(800).gain(0.2).room(0.2).color(""green"")._pianoroll()","2026-02-28 23:56:19.13417+00","bass","bass"
"42","7026a26e-1e34-486e-bbb2-c4c4a0878a00","4","setcps(122/60/4)
$kick: sound(""bd:3"").beat(""0,4,8,12"",16).bank(""RolandTR909"").gain(0.7).lpf(sine.range(2000, 4000).slow(4)).pan(sine.range(0.3, 0.7).slow(8)).color(""red"")
$bass: note(""C2 C2 C2 C2 ~ C2 C2 ~"").sound(""square"").lpf(sine.range(200, 800).slow(8)).gain(0.4).room(0.3).color(""blue"")
$piano: chord(""<Cm Fm Gm Cm>"").voicing().sound(""piano"").lpf(800).gain(0.2).room(0.2).color(""green"")._pianoroll()","2026-02-28 23:56:34.96811+00",,
"43","7026a26e-1e34-486e-bbb2-c4c4a0878a00","3","setcps(122/60/4)
$kick: sound(""bd:3"").beat(""0,4,8,12"",16).bank(""RolandTR909"").gain(0.7).lpf(sine.range(2000, 4000).slow(4)).pan(sine.range(0.3, 0.7).slow(8)).color(""red"")
$bass: note(""C2 C2 C2 C2 ~ C2 C2 ~"").sound(""square"").lpf(sine.range(200, 800).slow(8)).gain(0.4).room(0.3).pan(sine.range(0.4, 0.6).slow(6)).color(""blue"")._pianoroll()
$piano: chord(""<Cm Fm Gm Cm>"").voicing().sound(""piano"").lpf(800).gain(0.2).room(0.2).color(""green"")._pianoroll()
$hat: sound(""hh:2"").beat(""2,6,10,14"",16).bank(""RolandTR909"").gain(0.25).hpf(5000).color(""yellow"")","2026-02-28 23:57:34.856266+00","hat","drum"
"44","7026a26e-1e34-486e-bbb2-c4c4a0878a00","4","setcps(122/60/4)
$kick: sound(""bd:3"").beat(""0,4,8,12"",16).bank(""RolandTR909"").gain(0.7).lpf(sine.range(2000, 4000).slow(4)).pan(sine.range(0.3, 0.7).slow(8)).color(""red"")
$bass: note(""C2 C2 C2 C2 ~ C2 C2 ~"").sound(""square"").lpf(sine.range(200, 800).slow(8)).gain(0.4).room(0.3).pan(sine.range(0.4, 0.6).slow(6)).color(""blue"")._pianoroll()
$piano: chord(""<Cm Fm Gm Cm>"").voicing().sound(""piano"").lpf(800).gain(0.2).room(0.2).color(""green"")._pianoroll()
$hat: sound(""hh:2"").beat(""2,6,10,14"",16).bank(""RolandTR909"").gain(0.25).hpf(5000).color(""yellow"")","2026-02-28 23:57:42.69179+00",,
"45","7026a26e-1e34-486e-bbb2-c4c4a0878a00","3","setcps(122/60/4)
$kick: sound(""bd:3"").beat(""0,4,8,12"",16).bank(""RolandTR909"").gain(0.7).lpf(sine.range(2000, 4000).slow(4)).pan(sine.range(0.3, 0.7).slow(8)).color(""red"")
$bass: note(""C2 C2 C2 C2 ~ C2 C2 ~"").sound(""square"").lpf(sine.range(200, 800).slow(8)).gain(0.4).room(0.3).pan(sine.range(0.4, 0.6).slow(6)).color(""blue"")._pianoroll()
$piano: chord(""<Cm Fm Gm Cm>"").voicing().sound(""piano"").lpf(800).gain(0.2).room(0.2).color(""green"")._pianoroll()
$hat: sound(""hh:2"").beat(""2,6,10,14"",16).bank(""RolandTR909"").gain(0.25).hpf(5000).degradeBy(0.1).color(""yellow"")","2026-02-28 23:58:21.427007+00","kick","drum"
"46","7026a26e-1e34-486e-bbb2-c4c4a0878a00","1","setcps(122/60/4)
$kick: sound(""bd:3"").beat(""0,4,8,12"",16).bank(""RolandTR909"").gain(0.7).lpf(sine.range(2000, 4000).slow(4)).pan(sine.range(0.3, 0.7).slow(8)).color(""red"")
$bass: note(""C2 C2 C2 C2 ~ C2 C2 ~"").sound(""square"").lpf(sine.range(200, 800).slow(8)).gain(0.4).room(0.3).pan(sine.range(0.4, 0.6).slow(6)).color(""blue"")._pianoroll()
$piano: chord(""<Cm Fm Gm Cm>"").voicing().sound(""piano"").lpf(800).gain(0.2).room(0.2).color(""green"")._pianoroll()
$hat: sound(""hh:2"").beat(""2,6,10,14"",16).bank(""RolandTR909"").gain(0.25).hpf(5000).degradeBy(0.1).pan(sine.range(0.3, 0.7).slow(4)).color(""yellow"")","2026-02-28 23:58:32.988274+00","hat","drum"
"47","7026a26e-1e34-486e-bbb2-c4c4a0878a00","3","setcps(122/60/4)
$kick: sound(""bd:3"").beat(""0,4,8,12"",16).bank(""RolandTR909"").gain(0.7).lpf(sine.range(2000, 4000).slow(4)).pan(sine.range(0.3, 0.7).slow(8)).color(""red"")
$bass: note(""C2 C2 C2 C2 ~ C2 C2 ~"").sound(""square"").lpf(sine.range(200, 800).slow(8)).gain(0.4).room(0.3).pan(sine.range(0.4, 0.6).slow(6)).color(""blue"")._pianoroll()
$piano: chord(""<Cm Fm Gm Cm>"").voicing().sound(""piano"").lpf(800).gain(0.2).room(0.2).color(""green"")._pianoroll()
$hat: sound(""oh"").beat(""6,14"",16).bank(""RolandTR909"").gain(0.2).hpf(4000).color(""yellow"")","2026-02-28 23:58:46.474568+00","hat","drum"
"48","7026a26e-1e34-486e-bbb2-c4c4a0878a00","3","setcps(122/60/4)
$kick: sound(""bd:3"").beat(""0,4,8,12"",16).bank(""RolandTR909"").gain(0.7).lpf(sine.range(2000, 4000).slow(4)).pan(sine.range(0.3, 0.7).slow(8)).color(""red"")
$bass: note(""C2 C2 C2 C2 ~ C2 C2 ~"").sound(""square"").lpf(sine.range(200, 800).slow(8)).gain(0.4).room(0.3).pan(sine.range(0.4, 0.6).slow(6)).color(""blue"")._pianoroll()
$piano: chord(""<Cm Fm Gm Cm>"").voicing().sound(""piano"").lpf(800).gain(0.2).room(0.2).color(""green"")._pianoroll()
$hat: sound(""oh"").beat(""6,14"",16).bank(""RolandTR909"").gain(0.2).hpf(4000).color(""yellow"")","2026-02-28 23:58:47.94243+00",,
"49","7026a26e-1e34-486e-bbb2-c4c4a0878a00","1","setcps(122/60/4)
$kick: sound(""bd:3"").beat(""0,4,8,12"",16).bank(""RolandTR909"").gain(0.7).lpf(sine.range(2000, 4000).slow(4)).pan(sine.range(0.3, 0.7).slow(8)).color(""red"")
$bass: note(""C2 C2 C2 C2 ~ C2 C2 ~"").sound(""square"").lpf(sine.range(200, 800).slow(8)).gain(0.4).room(0.3).pan(sine.range(0.4, 0.6).slow(6)).color(""blue"")._pianoroll()
$piano: chord(""<Cm Fm Gm Cm>"").voicing().sound(""piano"").lpf(800).gain(0.2).room(0.2).color(""green"")._pianoroll()
$hat: sound(""oh"").beat(""6,14"",16).bank(""RolandTR909"").gain(0.2).hpf(4000).color(""yellow"")","2026-02-28 23:58:58.699354+00","hat","drum"
"50","7026a26e-1e34-486e-bbb2-c4c4a0878a00","3","setcps(122/60/4)
$kick: sound(""bd:3"").beat(""0,4,8,12"",16).bank(""RolandTR909"").gain(0.7).lpf(sine.range(2000, 4000).slow(4)).pan(sine.range(0.3, 0.7).slow(8)).color(""red"")
$bass: note(""C2 C2 C2 C2 ~ C2 C2 ~"").sound(""square"").lpf(sine.range(200, 800).slow(8)).gain(0.4).room(0.3).pan(sine.range(0.4, 0.6).slow(6)).color(""blue"")._pianoroll()
$piano: chord(""<Cm Fm Gm Cm>"").voicing().sound(""piano"").lpf(800).gain(0.2).room(0.2).color(""green"")._pianoroll()
$hat: sound(""hh:2"").beat(""2,6,10,14"",16).bank(""RolandTR909"").gain(0.25).hpf(5000).color(""yellow"")","2026-02-28 23:59:09.371319+00","hat","drum"
"51","7026a26e-1e34-486e-bbb2-c4c4a0878a00","1","setcps(122/60/4)
$kick: sound(""bd:3"").beat(""0,4,8,12"",16).bank(""RolandTR909"").gain(0.7).lpf(sine.range(2000, 4000).slow(4)).pan(sine.range(0.3, 0.7).slow(8)).color(""red"")
$bass: note(""C2 C2 C2 C2 ~ C2 C2 ~"").sound(""square"").lpf(sine.range(200, 800).slow(8)).gain(0.4).room(0.3).pan(sine.range(0.4, 0.6).slow(6)).color(""blue"")._pianoroll()
$piano: chord(""<Cm Fm Gm Cm>"").voicing().sound(""piano"").lpf(800).gain(0.2).room(0.2).color(""green"")._pianoroll()
$hat: sound(""hh:2"").beat(""2,6,10,14"",16).bank(""RolandTR909"").gain(0.25).hpf(5000).color(""yellow"")","2026-02-28 23:59:29.683433+00","kick","drum"
"52","7026a26e-1e34-486e-bbb2-c4c4a0878a00","3","setcps(122/60/4)
$kick: sound(""bd:1"").beat(""0,4,8,12"",16).bank(""RolandTR909"").gain(0.7).lpf(3000).color(""red"")
$bass: note(""C2 C2 C2 C2 ~ C2 C2 ~"").sound(""square"").lpf(sine.range(200, 800).slow(8)).gain(0.4).room(0.3).pan(sine.range(0.4, 0.6).slow(6)).color(""blue"")._pianoroll()
$piano: chord(""<Cm Fm Gm Cm>"").voicing().sound(""piano"").lpf(800).gain(0.2).room(0.2).color(""green"")._pianoroll()
$hat: sound(""hh:2"").beat(""2,6,10,14"",16).bank(""RolandTR909"").gain(0.25).hpf(5000).color(""yellow"")","2026-02-28 23:59:50.603871+00","kick","drum"
"53","7026a26e-1e34-486e-bbb2-c4c4a0878a00","4","setcps(122/60/4)
$kick: sound(""bd:1"").beat(""0,4,8,12"",16).bank(""RolandTR909"").gain(0.7).lpf(3000).pan(sine.range(0.4, 0.6).slow(8)).color(""red"")
$bass: note(""C2 C2 C2 C2 ~ C2 C2 ~"").sound(""square"").lpf(sine.range(200, 800).slow(8)).gain(0.4).room(0.3).pan(sine.range(0.4, 0.6).slow(6)).color(""purple"")._pianoroll()
$piano: chord(""<Cm Fm Gm Cm>"").voicing().sound(""piano"").lpf(800).gain(0.2).room(0.2).color(""green"")._pianoroll()
$hat: sound(""hh:2"").beat(""2,6,10,14"",16).bank(""RolandTR909"").gain(0.25).hpf(5000).degradeBy(0.1).color(""yellow"")","2026-03-01 00:01:16.395744+00",,
"54","7026a26e-1e34-486e-bbb2-c4c4a0878a00","5","setcps(122/60/4)
$kick: sound(""bd:1"").beat(""0,4,8,12"",16).bank(""RolandTR909"").gain(0.7).lpf(3000).pan(sine.range(0.4, 0.6).slow(8)).color(""red"")
$bass: note(""C2 C2 C2 C2 ~ C2 C2 ~"").sound(""square"").lpf(sine.range(200, 800).slow(8)).gain(0.4).room(0.3).pan(sine.range(0.4, 0.6).slow(6)).color(""purple"")._pianoroll()
$piano: chord(""<Cm Fm Gm Cm>"").voicing().sound(""piano"").lpf(800).gain(0.2).room(0.2).color(""green"")._pianoroll()
$hat: sound(""hh:2"").beat(""2,6,10,14"",16).bank(""RolandTR909"").gain(0.25).hpf(5000).degradeBy(0.1).color(""yellow"")","2026-03-01 00:01:41.079161+00","piano","synth"
"55","7026a26e-1e34-486e-bbb2-c4c4a0878a00","3","setcps(122/60/4)
$kick: sound(""bd:1"").beat(""0,4,8,12"",16).bank(""RolandTR909"").gain(0.7).lpf(3000).pan(sine.range(0.4, 0.6).slow(8)).color(""red"")
$bass: note(""C2 C2 C2 C2 ~ C2 C2 ~"").sound(""square"").lpf(sine.range(200, 800).slow(8)).gain(0.4).room(0.3).pan(sine.range(0.4, 0.6).slow(6)).color(""purple"")._pianoroll()
$piano: chord(""<Cm Fm Gm Cm>"").voicing().sound(""piano"").lpf(800).gain(0.2).room(0.2).color(""green"")._pianoroll()
$hat: sound(""hh:2"").beat(""2,6,10,14"",16).bank(""RolandTR909"").gain(0.25).hpf(5000).degradeBy(0.1).color(""yellow"")","2026-03-01 00:01:42.079839+00","bass","bass"
"56","7026a26e-1e34-486e-bbb2-c4c4a0878a00","3","setcps(122/60/4)
$kick: sound(""bd:1"").beat(""0,4,8,12"",16).bank(""RolandTR909"").gain(0.7).lpf(3000).pan(sine.range(0.4, 0.6).slow(8)).color(""red"")
$bass: note(""C2 C2 C2 C2 ~ C2 C2 ~"").sound(""square"").lpf(sine.range(200, 800).slow(8)).gain(0.4).room(0.3).pan(sine.range(0.4, 0.6).slow(6)).color(""purple"")._pianoroll()
$piano: chord(""<Cm Fm Gm Cm>"").voicing().sound(""piano"").lpf(800).gain(0.2).room(0.2).color(""green"")._pianoroll()
$hat: sound(""hh:2"").beat(""2,6,10,14"",16).bank(""RolandTR909"").gain(0.25).hpf(5000).degradeBy(0.1).color(""yellow"")","2026-03-01 00:01:42.433701+00","kick","drum"
"57","7026a26e-1e34-486e-bbb2-c4c4a0878a00","3","setcps(122/60/4)
$kick: sound(""bd:1"").beat(""0,4,8,12"",16).bank(""RolandTR909"").gain(0.7).lpf(3000).pan(sine.range(0.4, 0.6).slow(8)).color(""red"")
$bass: note(""C2 C2 C2 C2 ~ C2 C2 ~"").sound(""square"").lpf(sine.range(200, 800).slow(8)).gain(0.4).room(0.3).pan(sine.range(0.4, 0.6).slow(6)).color(""purple"")._pianoroll()
$piano: chord(""<Cm Fm Gm Cm>"").voicing().sound(""piano"").lpf(800).gain(0.2).room(0.2).color(""green"")._pianoroll()
$hat: sound(""hh:2"").beat(""2,6,10,14"",16).bank(""RolandTR909"").gain(0.25).hpf(5000).degradeBy(0.1).color(""yellow"")","2026-03-01 00:01:42.920878+00","hat","drum"
"58","07b3d70e-7161-45d1-860b-d33923c90c75","3","setcps(0.35)
$keys: chord(""<Dmaj7 A7 Bm7 Gmaj7>"").voicing().sound(""sawtooth"").lpf(1100).room(0.5).gain(0.38)._pianoroll().color(""orchid"")
$bass: note(""<D2 D2 ~ D2 A2 A2 ~ A2 B2 B2 ~ B2 G2 G2 ~ G2>"").sound(""triangle"").lpf(400).gain(0.45).color(""lightgreen"")
$kick: sound(""bd:1"").beat(""0,6,10"", 16).bank(""RolandTR808"").swing(0.2).gain(0.5).lpf(1800).color(""gold"")","2026-03-01 00:02:45.778903+00",,
"59","07b3d70e-7161-45d1-860b-d33923c90c75","5","setcps(0.35)
$keys: chord(""<Dmaj7 A7 Bm7 Gmaj7>"").voicing().sound(""sawtooth"").lpf(1100).room(0.5).gain(0.38)._pianoroll().color(""orchid"")
$kick: sound(""bd:1"").beat(""0,6,10"", 16).bank(""RolandTR808"").swing(0.2).gain(0.5).lpf(1800).color(""gold"")","2026-03-01 00:03:22.145175+00","bass",
"60","07b3d70e-7161-45d1-860b-d33923c90c75","2","setcps(0.35)
$keys: chord(""<Cm7 Fm7 Bb7 Ebmaj7>"").voicing().sound(""sawtooth"").lpf(1100).room(0.5).gain(0.38)._pianoroll().color(""orchid"")
$kick: sound(""bd:1"").beat(""0,6,10"", 16).bank(""RolandTR808"").swing(0.2).gain(0.5).lpf(1800).color(""gold"")","2026-03-01 00:03:38.759128+00",,
"61","07b3d70e-7161-45d1-860b-d33923c90c75","2","setcps(0.35)
$keys: chord(""<Cm7 Fm7 Bb7 Ebmaj7>"").voicing().sound(""ep"").lpf(1000).room(0.5).gain(0.38)._pianoroll().color(""orchid"")
$kick: sound(""bd:1"").beat(""0,6,10"", 16).bank(""RolandTR808"").swing(0.2).gain(0.5).lpf(1800).color(""gold"")
$snare: sound(""sd:2"").beat(""4,12"", 16).bank(""RolandTR808"").swing(0.2).gain(0.35).room(0.3).color(""skyblue"")
$hat: sound(""hh"").beat(""0,2,4,6,8,10,12,14"", 16).bank(""RolandTR808"").swing(0.2).gain(0.25).hpf(3500).pan(sine.range(0.3, 0.7).slow(8)).color(""silver"")","2026-03-01 00:05:18.268345+00",,
"62","10ac59a0-7824-423d-a0c5-eb7a0453fa1d","5","setcps(91/60/4)
$keys: chord(""<Gm7 C7 Fmaj7 Dm7>"").voicing().sound(""sawtooth"").lpf(1000).room(0.5).gain(0.35).swing(0.2)._pianoroll().color(""purple"")
$kick: sound(""bd:1"").beat(""0,6,10,14"", 16).bank(""RolandTR808"").gain(0.5).lpf(1800).swing(0.2).color(""red"")
$snare: sound(""sd:2"").beat(""4,12"", 16).bank(""RolandTR808"").gain(0.35).room(0.3).swing(0.2).color(""blue"")","2026-03-01 00:10:48.995947+00","keys","synth"
"63","10ac59a0-7824-423d-a0c5-eb7a0453fa1d","1","setcps(91/60/4)
$keys: chord(""<Gm7 C7 Fmaj7 Dm7>"").voicing().sound(""sawtooth"").lpf(1000).room(0.5).gain(0.35).swing(0.2)._pianoroll().color(""purple"")
$kick: sound(""bd:1"").beat(""0,6,10,14"", 16).bank(""RolandTR808"").gain(0.5).lpf(1800).swing(0.2).color(""red"")
$snare: sound(""sd:2"").beat(""4,12"", 16).bank(""RolandTR808"").gain(0.35).room(0.3).swing(0.2).color(""blue"")","2026-03-01 00:10:52.741035+00","kick","drum"
"64","10ac59a0-7824-423d-a0c5-eb7a0453fa1d","3","setcps(91/60/4)
$keys: chord(""<Gm7 C7 Fmaj7 Dm7>"").voicing().sound(""sawtooth"").lpf(1000).room(0.5).gain(0.35).swing(0.2)._pianoroll().color(""purple"")
$kick: sound(""bd:1"").beat(""0,6,10,14"", 16).bank(""RolandTR808"").gain(0.5).lpf(1800).swing(0.2).color(""red"")
$snare: sound(""sd:2"").beat(""4,12"", 16).bank(""RolandTR808"").gain(0.35).room(0.3).swing(0.2).color(""blue"")","2026-03-01 00:10:53.732659+00","snare","drum"
"65","10ac59a0-7824-423d-a0c5-eb7a0453fa1d","3","setcps(91/60/4)
$keys: chord(""<Gm7 C7 Fmaj7 Dm7>"").voicing().sound(""sawtooth"").lpf(1000).room(0.5).gain(0.35).swing(0.2)._pianoroll().color(""purple"")
$kick: sound(""bd:2"").beat(""0,6,10"", 16).bank(""RolandTR808"").gain(0.45).lpf(1800).swing(0.2).color(""red"")
$snare: sound(""sd:2"").beat(""4,12"", 16).bank(""RolandTR808"").gain(0.35).room(0.3).swing(0.2).color(""blue"")","2026-03-01 00:11:06.33983+00",,
"66","10ac59a0-7824-423d-a0c5-eb7a0453fa1d","3","setcps(91/60/4)
$keys: chord(""<Gm7 C7 Fmaj7 Dm7>"").voicing().sound(""sawtooth"").lpf(1000).room(0.5).gain(0.35).swing(0.2)._pianoroll().color(""purple"")
$kick: sound(""bd:2"").beat(""0,6,10"", 16).bank(""RolandTR808"").gain(0.45).lpf(1800).swing(0.2).color(""red"")
$snare: sound(""sd:2"").beat(""4,12"", 16).bank(""RolandTR808"").gain(0.35).room(0.3).swing(0.2).color(""blue"")","2026-03-01 00:11:12.188759+00","kick","drum"
"67","1db1dad2-9e71-44c4-8e8b-9a986333a0df","1","setcps(0.346)
$keys: chord(""<Fm7 Bb7 EbM7 Cm7>"").voicing().sound(""sawtooth"").lpf(sine.range(800, 1200).slow(8)).room(0.6).gain(0.35).color(""hotpink"")._pianoroll()
$kick: sound(""bd:1"").beat(""0,6,10,14"", 16).bank(""RolandTR808"").gain(0.5).swing(0.25).color(""deeppurple"")
$snare: sound(""sd:2"").beat(""4,12"", 16).bank(""RolandTR808"").gain(0.35).room(0.3).swing(0.25).color(""orange"")
$pad: chord(""<Fm7 Bb7 EbM7 Cm7>"").voicing().sound(""sawtooth"").lpf(700).room(0.7).gain(0.2).color(""skyblue"")","2026-03-01 00:16:48.376004+00","keys","synth"
"68","1db1dad2-9e71-44c4-8e8b-9a986333a0df","2","setcps(0.346)
$keys: chord(""<Fm7 Bb7 EbM7 Cm7>"").voicing().sound(""casio"").lpf(800).room(0.5).gain(0.4).color(""hotpink"")._pianoroll()
$kick: sound(""bd:1"").beat(""0,6,10,14"", 16).bank(""RolandTR808"").gain(0.5).swing(0.25).color(""deeppurple"")
$snare: sound(""sd:2"").beat(""4,12"", 16).bank(""RolandTR808"").gain(0.35).room(0.3).swing(0.25).color(""orange"")
$pad: chord(""<Fm7 Bb7 EbM7 Cm7>"").voicing().sound(""sawtooth"").lpf(700).room(0.7).gain(0.2).color(""skyblue"")","2026-03-01 00:17:10.275378+00",,
"69","1db1dad2-9e71-44c4-8e8b-9a986333a0df","3","setcps(0.346)
$keys: chord(""<Fm7 Bb7 EbM7 Cm7>"").voicing().sound(""casio"").lpf(800).room(0.5).gain(0.4).color(""hotpink"")._pianoroll()
$kick: sound(""bd:1"").beat(""0,6,10,14"", 16).bank(""RolandTR808"").gain(0.5).swing(0.25).color(""deeppurple"")
$snare: sound(""sd:2"").beat(""4,12"", 16).bank(""RolandTR808"").gain(0.35).room(0.3).swing(0.25).color(""orange"")
$pad: chord(""<Fm7 Bb7 EbM7 Cm7>"").voicing().sound(""sine"").lpf(600).room(0.8).gain(0.18).color(""skyblue"")","2026-03-01 00:17:32.108809+00",,
"70","1db1dad2-9e71-44c4-8e8b-9a986333a0df","3","setcps(0.346)
$keys: chord(""<Fm7 Bb7 EbM7 Cm7>"").voicing().sound(""casio"").lpf(800).room(0.5).gain(0.4).color(""hotpink"")._pianoroll()
$kick: sound(""bd:1"").beat(""0,6,10,14"", 16).bank(""RolandTR808"").gain(0.5).swing(0.25).color(""deeppurple"")
$snare: sound(""sd:2"").beat(""4,12"", 16).bank(""RolandTR808"").gain(0.35).room(0.3).swing(0.25).color(""orange"")
$pad: chord(""<Fm7 Bb7 EbM7 Cm7>"").voicing().sound(""sine"").lpf(600).room(0.8).gain(0.18).color(""skyblue"")","2026-03-01 00:17:32.788205+00","keys","synth"
"71","1db1dad2-9e71-44c4-8e8b-9a986333a0df","3","setcps(0.346)
$keys: chord(""<Fm7 Bb7 EbM7 Cm7>"").voicing().sound(""casio"").lpf(800).room(0.5).gain(0.4).color(""hotpink"")._pianoroll()
$kick: sound(""bd:1"").beat(""0,6,10,14"", 16).bank(""RolandTR808"").gain(0.5).swing(0.25).color(""deeppurple"")
$snare: sound(""sd:2"").beat(""4,12"", 16).bank(""RolandTR808"").gain(0.35).room(0.3).swing(0.25).color(""orange"")
$pad: chord(""<Fm7 Bb7 EbM7 Cm7>"").voicing().sound(""sine"").lpf(600).room(0.8).gain(0.18).color(""skyblue"")","2026-03-01 00:17:34.971005+00","kick","drum"
"72","1db1dad2-9e71-44c4-8e8b-9a986333a0df","3","setcps(0.346)
$keys: chord(""<Fm7 Bb7 EbM7 Cm7>"").voicing().sound(""casio"").lpf(800).room(0.5).gain(0.4).color(""hotpink"")._pianoroll()
$kick: sound(""bd:1"").beat(""0,6,10,14"", 16).bank(""RolandTR808"").gain(0.5).swing(0.25).color(""deeppurple"")
$snare: sound(""sd:2"").beat(""4,12"", 16).bank(""RolandTR808"").gain(0.35).room(0.3).swing(0.25).color(""orange"")
$pad: chord(""<Fm7 Bb7 EbM7 Cm7>"").voicing().sound(""sine"").lpf(600).room(0.8).gain(0.18).color(""skyblue"")","2026-03-01 00:17:35.301355+00","snare","drum"
"73","1db1dad2-9e71-44c4-8e8b-9a986333a0df","3","setcps(0.346)
$keys: chord(""<Fm7 Bb7 EbM7 Cm7>"").voicing().sound(""casio"").lpf(800).room(0.5).gain(0.4).color(""hotpink"")._pianoroll()
$kick: sound(""bd:1"").beat(""0,6,10,14"", 16).bank(""RolandTR808"").gain(0.5).swing(0.25).color(""deeppurple"")
$snare: sound(""sd:2"").beat(""4,12"", 16).bank(""RolandTR808"").gain(0.35).room(0.3).swing(0.25).color(""orange"")
$pad: chord(""<Fm7 Bb7 EbM7 Cm7>"").voicing().sound(""sine"").lpf(600).room(0.8).gain(0.18).color(""skyblue"")","2026-03-01 00:17:38.578578+00","pad","synth"
"74","1db1dad2-9e71-44c4-8e8b-9a986333a0df","1","setcps(0.346)
$keys: chord(""<Fm7 Bb7 EbM7 Cm7>"").voicing().sound(""casio"").lpf(800).room(0.5).gain(rand.range(0.35, 0.45)).pan(sine.range(0.4, 0.6).slow(rand.range(6, 12))).color(""hotpink"")._pianoroll()
$kick: sound(""bd:1"").beat(""0,6,10,14"", 16).bank(""RolandTR808"").gain(0.5).swing(0.25).color(""deeppurple"")
$snare: sound(""sd:2"").beat(""4,12"", 16).bank(""RolandTR808"").gain(0.35).room(0.3).swing(0.25).color(""orange"")
$pad: chord(""<Fm7 Bb7 EbM7 Cm7>"").voicing().sound(""sine"").lpf(600).room(0.8).gain(0.18).pan(sine.range(0.2, 0.8).slow(8)).degradeBy(0.2).color(""skyblue"")","2026-03-01 00:18:22.902656+00","keys","synth"
"75","1db1dad2-9e71-44c4-8e8b-9a986333a0df","1","setcps(0.346)
$keys: chord(""<Fm7 Bb7 EbM7 Cm7>"").voicing().sound(""casio"").lpf(800).room(0.5).gain(rand.range(0.35, 0.45)).pan(sine.range(0.4, 0.6).slow(rand.range(6, 12))).color(""hotpink"")._pianoroll()
$kick: sound(""bd:1"").beat(""0,6,10,14"", 16).bank(""RolandTR808"").gain(0.5).swing(0.25).color(""deeppurple"")
$snare: sound(""sd:2"").beat(""4,12"", 16).bank(""RolandTR808"").gain(0.35).room(0.3).swing(0.25).color(""orange"")
$pad: chord(""<Fm7 Bb7 EbM7 Cm7>"").voicing().sound(""sine"").lpf(600).room(0.8).gain(0.18).pan(sine.range(0.2, 0.8).slow(8)).degradeBy(0.2).color(""skyblue"")","2026-03-01 00:18:24.699925+00","pad","synth"
"76","1db1dad2-9e71-44c4-8e8b-9a986333a0df","3","setcps(0.346)
$keys: chord(""<Fm7 Bb7 EbM7 Cm7>"").voicing().sound(""casio"").lpf(800).room(0.5).gain(rand.range(0.35, 0.45)).pan(sine.range(0.4, 0.6).slow(rand.range(6, 12))).color(""hotpink"")._pianoroll()
$kick: sound(""bd:1"").beat(""0,6,10,14"", 16).bank(""RolandTR808"").gain(0.5).swing(0.25).color(""deeppurple"")
$snare: sound(""sd:2"").beat(""4,12"", 16).bank(""RolandTR808"").gain(0.35).room(0.3).swing(0.25).color(""orange"")
$pad: chord(""<Fm7 Bb7 EbM7 Cm7>"").voicing().sound(""sine"").lpf(600).room(0.8).gain(0.18).pan(sine.range(0.2, 0.8).slow(8)).degradeBy(0.2).color(""skyblue"")","2026-03-01 00:18:25.587342+00",,
"77","1db1dad2-9e71-44c4-8e8b-9a986333a0df","1","setcps(0.346)
$keys: chord(""<Fm7 Bb7 EbM7 Cm7>"").voicing().sound(""pluck"").lpf(1000).room(0.4).gain(0.4).color(""hotpink"")._pianoroll()
$kick: sound(""bd:1"").beat(""0,6,10,14"", 16).bank(""RolandTR808"").gain(0.5).swing(0.25).color(""deeppurple"")
$snare: sound(""sd:2"").beat(""4,12"", 16).bank(""RolandTR808"").gain(0.35).room(0.3).swing(0.25).color(""orange"")
$pad: chord(""<Fm7 Bb7 EbM7 Cm7>"").voicing().sound(""sine"").lpf(600).room(0.8).gain(0.18).pan(sine.range(0.2, 0.8).slow(8)).degradeBy(0.2).color(""skyblue"")","2026-03-01 00:18:51.097625+00",,
"78","0e12f120-dd74-41b5-93a2-0bc8b78b1ace","4","setcps(85/60/4)
$keys: chord(""<EbM7 Cm7 Fm7 Bb7>"").voicing().sound(""sawtooth"").lpf(sine.range(800, 1500).slow(8)).room(0.6).gain(0.35)._pianoroll().color(""purple"")
$bass: note(""Eb2 ~ G2 F2 ~ Ab2 Bb2 ~"").sound(""triangle"").lpf(400).gain(0.45).color(""blue"")","2026-03-01 00:22:13.887722+00",,
"79","0e12f120-dd74-41b5-93a2-0bc8b78b1ace","3","setcps(85/60/4)
$keys: chord(""<EbM7 Cm7 Fm7 Bb7>"").voicing().sound(""sawtooth"").lpf(sine.range(800, 1500).slow(8)).room(0.6).gain(0.35)._pianoroll().color(""purple"")
$bass: note(""Eb2 ~ G2 F2 ~ Ab2 Bb2 ~"").sound(""triangle"").lpf(400).gain(0.45).swing(0.25).color(""blue"")
$kick: sound(""bd:1"").beat(""0,6,10,14"", 16).bank(""RolandTR808"").gain(0.25).swing(0.25).color(""red"")
$snare: sound(""sd:2"").beat(""4,12"", 16).bank(""RolandTR808"").gain(0.35).room(0.3).swing(0.25).color(""red"")
$ghost_snare: sound(""sd:2"").beat(""7,15"", 16).bank(""RolandTR808"").gain(0.12).swing(0.25).color(""darkred"")","2026-03-01 00:22:44.230496+00","keys","synth"
"80","0e12f120-dd74-41b5-93a2-0bc8b78b1ace","3","setcps(85/60/4)
$keys: chord(""<EbM7 Cm7 Fm7 Bb7>"").voicing().sound(""sawtooth"").lpf(sine.range(800, 1500).slow(8)).room(0.6).gain(0.35)._pianoroll().color(""purple"")
$bass: note(""Eb2 ~ G2 F2 ~ Ab2 Bb2 ~"").sound(""triangle"").lpf(400).gain(0.45).swing(0.25).color(""blue"")
$kick: sound(""bd:1"").beat(""0,6,10,14"", 16).bank(""RolandTR808"").gain(0.25).swing(0.25).color(""red"")
$snare: sound(""sd:2"").beat(""4,12"", 16).bank(""RolandTR808"").gain(0.35).room(0.3).swing(0.25).color(""red"")
$ghost_snare: sound(""sd:2"").beat(""7,15"", 16).bank(""RolandTR808"").gain(0.12).swing(0.25).color(""darkred"")","2026-03-01 00:22:44.511331+00","bass","bass"
"81","0e12f120-dd74-41b5-93a2-0bc8b78b1ace","3","setcps(85/60/4)
$keys: chord(""<EbM7 Cm7 Fm7 Bb7>"").voicing().sound(""sawtooth"").lpf(sine.range(800, 1500).slow(8)).room(0.6).gain(0.35)._pianoroll().color(""purple"")
$bass: note(""Eb2 ~ G2 F2 ~ Ab2 Bb2 ~"").sound(""triangle"").lpf(400).gain(0.45).swing(0.25).color(""blue"")
$kick: sound(""bd:1"").beat(""0,6,10,14"", 16).bank(""RolandTR808"").gain(0.25).swing(0.25).color(""red"")
$snare: sound(""sd:2"").beat(""4,12"", 16).bank(""RolandTR808"").gain(0.35).room(0.3).swing(0.25).color(""red"")
$ghost_snare: sound(""sd:2"").beat(""7,15"", 16).bank(""RolandTR808"").gain(0.12).swing(0.25).color(""darkred"")","2026-03-01 00:22:47.272271+00","kick","drum"
"82","0e12f120-dd74-41b5-93a2-0bc8b78b1ace","1","setcps(85/60/4)
$keys: chord(""<EbM7 Cm7 Fm7 Bb7>"").voicing().sound(""sawtooth"").lpf(sine.range(800, 1500).slow(8)).room(0.6).gain(0.35)._pianoroll().color(""purple"")
$bass: note(""Eb2 ~ G2 F2 ~ Ab2 Bb2 ~"").sound(""triangle"").lpf(400).gain(0.45).swing(0.25).color(""blue"")
$kick: sound(""bd:1"").beat(""0,6,10,14"", 16).bank(""RolandTR808"").gain(0.25).swing(0.25).color(""red"")
$snare: sound(""sd:2"").beat(""4,12"", 16).bank(""RolandTR808"").gain(0.35).room(0.3).swing(0.25).color(""red"")
$ghost_snare: sound(""sd:2"").beat(""7,15"", 16).bank(""RolandTR808"").gain(0.12).swing(0.25).color(""darkred"")","2026-03-01 00:22:47.939013+00","snare","drum"
"83","0e12f120-dd74-41b5-93a2-0bc8b78b1ace","1","setcps(85/60/4)
$keys: chord(""<EbM7 Cm7 Fm7 Bb7>"").voicing().sound(""sawtooth"").lpf(sine.range(800, 1500).slow(8)).room(0.6).gain(0.35)._pianoroll().color(""purple"")
$bass: note(""Eb2 ~ G2 F2 ~ Ab2 Bb2 ~"").sound(""triangle"").lpf(400).gain(0.45).swing(0.25).color(""blue"")
$kick: sound(""bd:1"").beat(""0,6,10,14"", 16).bank(""RolandTR808"").gain(0.25).swing(0.25).color(""red"")
$snare: sound(""sd:2"").beat(""4,12"", 16).bank(""RolandTR808"").gain(0.35).room(0.3).swing(0.25).color(""red"")
$ghost_snare: sound(""sd:2"").beat(""7,15"", 16).bank(""RolandTR808"").gain(0.12).swing(0.25).color(""darkred"")","2026-03-01 00:22:48.793756+00","ghost_snare","drum"
"84","0e12f120-dd74-41b5-93a2-0bc8b78b1ace","3","setcps(85/60/4)
$keys: chord(""<EbM7 Cm7 Fm7 Bb7>"").voicing().sound(""sawtooth"").lpf(sine.range(800, 1500).slow(8)).room(0.6).gain(0.35)._pianoroll().color(""purple"")
$bass: note(""Eb2 ~ G2 F2 ~ Ab2 Bb2 ~"").sound(""triangle"").lpf(400).gain(0.45).swing(0.25).color(""blue"")
$kick: sound(""bd:1"").beat(""0,6,10,14"", 16).bank(""RolandTR808"").gain(0.25).swing(0.25).color(""red"")
$snare: sound(""sd:2"").beat(""4,12"", 16).bank(""RolandTR808"").gain(0.35).room(0.3).swing(0.25).color(""red"")
$ghost_snare: sound(""sd:2"").beat(""7,15"", 16).bank(""RolandTR808"").gain(0.12).swing(0.25).color(""darkred"")","2026-03-01 00:22:51.230573+00",,
"85","0e12f120-dd74-41b5-93a2-0bc8b78b1ace","2","setcps(85/60/4)
$keys: chord(""<EbM7 Cm7 Fm7 Bb7>"").voicing().sound(""sawtooth"").lpf(sine.range(800, 1500).slow(8)).room(0.6).gain(0.35)._pianoroll().color(""purple"")
$bass: note(""Eb2 ~ G2 F2 ~ Ab2 Bb2 ~"").sound(""triangle"").lpf(400).gain(0.45).swing(0.25).color(""blue"")
$kick: sound(""bd:1"").beat(""0,6,10,14"", 16).bank(""RolandTR808"").gain(0.25).swing(0.25).color(""red"")
$snare: sound(""sd:2"").beat(""4,12"", 16).bank(""RolandTR808"").gain(0.35).room(0.3).swing(0.25).color(""red"")","2026-03-01 00:23:12.181645+00",,
"86","0e12f120-dd74-41b5-93a2-0bc8b78b1ace","3","setcps(85/60/4)
$keys: chord(""<EbM7 Cm7 Fm7 Bb7>"").voicing().sound(""sawtooth"").lpf(sine.range(400, 800).slow(8)).room(0.6).gain(rand.range(0.2, 0.28))._pianoroll().delay(0.2).delaytime(0.4).delayfeedback(0.5).color(""purple"")
$bass: note(""Eb2 ~ G2 F2 ~ Ab2 Bb2 ~"").sound(""triangle"").lpf(400).gain(0.45).swing(0.25).color(""blue"")
$kick: sound(""bd:1"").beat(""0,6,10,14"", 16).bank(""RolandTR808"").gain(0.25).swing(0.25).degradeBy(0.05).color(""red"")
$snare: sound(""sd:2"").beat(""4,12"", 16).bank(""RolandTR808"").gain(0.35).room(0.3).swing(0.25).color(""red"")","2026-03-01 00:25:36.246016+00","snare","drum"
"87","0e12f120-dd74-41b5-93a2-0bc8b78b1ace","3","setcps(85/60/4)
$keys: chord(""<EbM7 Cm7 Fm7 Bb7>"").voicing().sound(""sawtooth"").lpf(sine.range(400, 800).slow(8)).room(0.6).gain(rand.range(0.2, 0.28))._pianoroll().delay(0.2).delaytime(0.4).delayfeedback(0.5).color(""purple"")
$bass: note(""Eb2 ~ G2 F2 ~ Ab2 Bb2 ~"").sound(""triangle"").lpf(400).gain(0.45).swing(0.25).color(""blue"")
$kick: sound(""bd:1"").beat(""0,6,10,14"", 16).bank(""RolandTR808"").gain(0.25).swing(0.25).degradeBy(0.05).color(""red"")
$snare: sound(""sd:2"").beat(""4,12"", 16).bank(""RolandTR808"").gain(0.35).room(0.3).swing(0.25).color(""red"")","2026-03-01 00:25:36.59496+00","kick","drum"
"88","0e12f120-dd74-41b5-93a2-0bc8b78b1ace","3","setcps(85/60/4)
$keys: chord(""<EbM7 Cm7 Fm7 Bb7>"").voicing().sound(""sawtooth"").lpf(sine.range(400, 800).slow(8)).room(0.6).gain(rand.range(0.2, 0.28))._pianoroll().delay(0.2).delaytime(0.4).delayfeedback(0.5).color(""purple"")
$bass: note(""Eb2 ~ G2 F2 ~ Ab2 Bb2 ~"").sound(""triangle"").lpf(400).gain(0.45).swing(0.25).color(""blue"")
$kick: sound(""bd:1"").beat(""0,6,10,14"", 16).bank(""RolandTR808"").gain(0.25).swing(0.25).degradeBy(0.05).color(""red"")
$snare: sound(""sd:2"").beat(""4,12"", 16).bank(""RolandTR808"").gain(0.35).room(0.3).swing(0.25).color(""red"")","2026-03-01 00:25:36.8946+00","bass","bass"
"89","0e12f120-dd74-41b5-93a2-0bc8b78b1ace","1","setcps(85/60/4)
$keys: chord(""<EbM7 Cm7 Fm7 Bb7>"").voicing().sound(""sawtooth"").lpf(sine.range(400, 800).slow(8)).room(0.6).gain(rand.range(0.2, 0.28))._pianoroll().delay(0.2).delaytime(0.4).delayfeedback(0.5).color(""purple"")
$bass: note(""Eb2 ~ G2 F2 ~ Ab2 Bb2 ~"").sound(""triangle"").lpf(400).gain(0.45).swing(0.25).color(""blue"")
$kick: sound(""bd:1"").beat(""0,6,10,14"", 16).bank(""RolandTR808"").gain(0.25).swing(0.25).degradeBy(0.05).color(""red"")
$snare: sound(""sd:2"").beat(""4,12"", 16).bank(""RolandTR808"").gain(0.35).room(0.3).swing(0.25).color(""red"")","2026-03-01 00:25:37.523279+00","keys","synth"
"90","0e12f120-dd74-41b5-93a2-0bc8b78b1ace","2","setcps(85/60/4)
$keys: chord(""<EbM7 Cm7 Fm7 Bb7>"").voicing().sound(""sawtooth"").lpf(sine.range(400, 800).slow(8)).room(0.6).gain(rand.range(0.2, 0.28))._pianoroll().delay(0.2).delaytime(0.4).delayfeedback(0.5).color(""purple"")
$bass: note(""Eb2 ~ G2 F2 ~ Ab2 Bb2 ~"").sound(""triangle"").lpf(400).gain(0.45).swing(0.25).color(""blue"")
$kick: sound(""bd:1"").beat(""0,6,10,14"", 16).bank(""RolandTR808"").gain(0.25).swing(0.25).degradeBy(0.05).color(""red"")
$snare: sound(""sd:2"").beat(""4,12"", 16).bank(""RolandTR808"").gain(0.35).room(0.3).swing(0.25).color(""red"")","2026-03-01 00:25:39.450883+00",,
"91","0e12f120-dd74-41b5-93a2-0bc8b78b1ace","5","setcps(85/60/4)
$keys: chord(""<EbM9 Cm7 Fm9 Bb7>"").voicing().sound(""piano"").lpf(sine.range(1000, 2000).slow(8)).room(0.5).gain(rand.range(0.25, 0.35))._pianoroll().delay(0.15).delaytime(0.3).delayfeedback(0.4).color(""purple"")
$bass: note(""Eb2 ~ G2 F2 ~ Ab2 Bb2 ~"").sound(""triangle"").lpf(400).gain(0.45).swing(0.25).color(""blue"")
$kick: sound(""bd:1"").beat(""0,6,10,14"", 16).bank(""RolandTR808"").gain(0.25).swing(0.25).degradeBy(0.05).color(""red"")
$snare: sound(""sd:2"").beat(""4,12"", 16).bank(""RolandTR808"").gain(0.35).room(0.3).swing(0.25).color(""red"")","2026-03-01 00:26:00.667775+00","keys","synth"
"92","0e12f120-dd74-41b5-93a2-0bc8b78b1ace","3","setcps(85/60/4)
$keys: chord(""<EbM9 Cm7 Fm9 Bb7>"").voicing().sound(""piano"").lpf(sine.range(1000, 2000).slow(8)).room(0.5).gain(rand.range(0.25, 0.35))._pianoroll().delay(0.15).delaytime(0.3).delayfeedback(0.4).color(""purple"")
$bass: note(""Eb2 ~ G2 F2 ~ Ab2 Bb2 ~"").sound(""triangle"").lpf(400).gain(0.45).swing(0.25).color(""blue"")
$kick: sound(""bd:1"").beat(""0,6,10,14"", 16).bank(""RolandTR808"").gain(0.25).swing(0.25).degradeBy(0.05).color(""red"")
$snare: sound(""sd:2"").beat(""4,12"", 16).bank(""RolandTR808"").gain(0.35).room(0.3).swing(0.25).color(""red"")","2026-03-01 00:26:06.995129+00","keys","synth"
"93","0e12f120-dd74-41b5-93a2-0bc8b78b1ace","5","setcps(85/60/4)
$keys: chord(""<EbM9 Cm7 Fm9 Bb7>"").voicing().sound(""piano"").lpf(sine.range(1000, 2000).slow(8)).room(0.5).gain(rand.range(0.25, 0.35))._pianoroll().delay(0.15).delaytime(0.3).delayfeedback(0.4).color(""purple"")
$bass: note(""Eb2 ~ G2 F2 ~ Ab2 Bb2 ~"").sound(""triangle"").lpf(400).gain(0.45).swing(0.25).color(""blue"")
$kick: sound(""bd:1"").beat(""0,6,10,14"", 16).bank(""RolandTR808"").gain(0.25).swing(0.25).degradeBy(0.05).color(""red"")
$snare: sound(""sd:2"").beat(""4,12"", 16).bank(""RolandTR808"").gain(0.35).room(0.3).swing(0.25).color(""red"")","2026-03-01 00:26:07.58894+00","bass","bass"
"94","0e12f120-dd74-41b5-93a2-0bc8b78b1ace","5","setcps(85/60/4)
$keys: chord(""<EbM9 Cm7 Fm9 Bb7>"").voicing().sound(""piano"").lpf(sine.range(1000, 2000).slow(8)).room(0.5).gain(rand.range(0.25, 0.35))._pianoroll().delay(0.15).delaytime(0.3).delayfeedback(0.4).color(""purple"")
$bass: note(""Eb2 ~ G2 F2 ~ Ab2 Bb2 ~"").sound(""triangle"").lpf(400).gain(0.45).swing(0.25).color(""blue"")
$kick: sound(""bd:1"").beat(""0,6,10,14"", 16).bank(""RolandTR808"").gain(0.25).swing(0.25).degradeBy(0.05).color(""red"")
$snare: sound(""sd:2"").beat(""4,12"", 16).bank(""RolandTR808"").gain(0.35).room(0.3).swing(0.25).color(""red"")","2026-03-01 00:26:08.561531+00","kick","drum"
"95","0e12f120-dd74-41b5-93a2-0bc8b78b1ace","5","setcps(85/60/4)
$keys: chord(""<EbM9 Cm7 Fm9 Bb7>"").voicing().sound(""piano"").lpf(sine.range(1000, 2000).slow(8)).room(0.5).gain(rand.range(0.25, 0.35))._pianoroll().delay(0.15).delaytime(0.3).delayfeedback(0.4).color(""purple"")
$bass: note(""Eb2 ~ G2 F2 ~ Ab2 Bb2 ~"").sound(""triangle"").lpf(400).gain(0.45).swing(0.25).color(""blue"")
$kick: sound(""bd:1"").beat(""0,6,10,14"", 16).bank(""RolandTR808"").gain(0.25).swing(0.25).degradeBy(0.05).color(""red"")
$snare: sound(""sd:2"").beat(""4,12"", 16).bank(""RolandTR808"").gain(0.35).room(0.3).swing(0.25).color(""red"")","2026-03-01 00:26:08.859641+00","snare","drum"
"96","0e12f120-dd74-41b5-93a2-0bc8b78b1ace","3","setcps(85/60/4)
$keys: chord(""<EbM9 Cm7 Fm9 Bb7>"").voicing().sound(""piano"").lpf(sine.range(1000, 2000).slow(8)).room(0.5).gain(rand.range(0.25, 0.35))._pianoroll().delay(0.15).delaytime(0.3).delayfeedback(0.4).color(""purple"")
$bass: note(""Eb2 ~ G2 F2 ~ Ab2 Bb2 ~"").sound(""triangle"").lpf(400).gain(0.45).swing(0.25).color(""blue"")
$kick: sound(""bd:1"").beat(""0,6,10,14"", 16).bank(""RolandTR808"").gain(0.25).swing(0.25).degradeBy(0.05).color(""red"")
$snare: sound(""sd:2"").beat(""4,12"", 16).bank(""RolandTR808"").gain(0.35).room(0.3).swing(0.25).color(""red"")","2026-03-01 00:26:10.674509+00",,
"97","0e12f120-dd74-41b5-93a2-0bc8b78b1ace","1","setcps(85/60/4)
$keys: chord(""<EbM9 AbM9 Fm9 Bb7>"").voicing().sound(""piano"").lpf(sine.range(1000, 2000).slow(8)).room(0.5).gain(rand.range(0.25, 0.35))._pianoroll().delay(0.15).delaytime(0.3).delayfeedback(0.4).color(""purple"")
$bass: note(""Eb2 ~ G2 F2 ~ Ab2 Bb2 ~"").sound(""triangle"").lpf(400).gain(0.45).swing(0.25).color(""blue"")
$kick: sound(""bd:1"").beat(""0,6,10,14"", 16).bank(""RolandTR808"").gain(0.25).swing(0.25).degradeBy(0.05).color(""red"")
$snare: sound(""sd:2"").beat(""4,12"", 16).bank(""RolandTR808"").gain(0.35).room(0.3).swing(0.25).color(""red"")","2026-03-01 00:26:25.83882+00","snare","drum"
"98","0e12f120-dd74-41b5-93a2-0bc8b78b1ace","1","setcps(85/60/4)
$keys: chord(""<EbM9 AbM9 Fm9 Bb7>"").voicing().sound(""piano"").lpf(sine.range(1000, 2000).slow(8)).room(0.5).gain(rand.range(0.25, 0.35))._pianoroll().delay(0.15).delaytime(0.3).delayfeedback(0.4).color(""purple"")
$bass: note(""Eb2 ~ G2 F2 ~ Ab2 Bb2 ~"").sound(""triangle"").lpf(400).gain(0.45).swing(0.25).color(""blue"")
$kick: sound(""bd:1"").beat(""0,6,10,14"", 16).bank(""RolandTR808"").gain(0.25).swing(0.25).degradeBy(0.05).color(""red"")
$snare: sound(""sd:2"").beat(""4,12"", 16).bank(""RolandTR808"").gain(0.35).room(0.3).swing(0.25).color(""red"")","2026-03-01 00:26:29.298508+00","kick","drum"
"99","0e12f120-dd74-41b5-93a2-0bc8b78b1ace","3","setcps(85/60/4)
$keys: chord(""<EbM9 AbM9 Fm9 Bb7>"").voicing().sound(""piano"").lpf(sine.range(1000, 2000).slow(8)).room(0.5).gain(rand.range(0.25, 0.35))._pianoroll().delay(0.15).delaytime(0.3).delayfeedback(0.4).color(""purple"")
$bass: note(""Eb2 ~ G2 F2 ~ Ab2 Bb2 ~"").sound(""triangle"").lpf(400).gain(0.45).swing(0.25).color(""blue"")
$kick: sound(""bd:1"").beat(""0,6,10,14"", 16).bank(""RolandTR808"").gain(0.25).swing(0.25).degradeBy(0.05).color(""red"")
$snare: sound(""sd:2"").beat(""4,12"", 16).bank(""RolandTR808"").gain(0.35).room(0.3).swing(0.25).color(""red"")","2026-03-01 00:26:31.144665+00",,
"100","0e12f120-dd74-41b5-93a2-0bc8b78b1ace","1","setcps(85/60/4)
$keys: chord(""<EbM9 AbM9 Fm9 Bb7>"").voicing().sound(""piano"").lpf(sine.range(1000, 2000).slow(8)).room(0.5).gain(rand.range(0.25, 0.35))._pianoroll().delay(0.15).delaytime(0.3).delayfeedback(0.4).color(""purple"")
$bass: note(""Eb2 ~ G2 F2 ~ Ab2 Bb2 ~"").sound(""triangle"").lpf(400).gain(0.45).swing(0.25).color(""blue"")
$kick: sound(""bd:4"").beat(""0,6,10,14"", 16).bank(""RolandTR808"").gain(0.3).swing(0.25).color(""red"")
$snare: sound(""sd:2"").beat(""4,12"", 16).bank(""RolandTR808"").gain(0.35).room(0.3).swing(0.25).color(""red"")","2026-03-01 00:26:46.39337+00",,
"101","0e12f120-dd74-41b5-93a2-0bc8b78b1ace","2","setcps(85/60/4)
$keys: chord(""<EbM9 AbM9 Fm9 Bb7>"").voicing().sound(""piano"").lpf(sine.range(1000, 2000).slow(8)).room(0.5).gain(rand.range(0.25, 0.35))._pianoroll().delay(0.15).delaytime(0.3).delayfeedback(0.4).color(""purple"")
$bass: note(""Eb2 ~ G2 F2 ~ Ab2 Bb2 ~"").sound(""triangle"").lpf(400).gain(0.45).swing(0.25).color(""blue"")
$kick: sound(""bd:4"").beat(""0,6,10,14"", 16).bank(""RolandTR808"").gain(0.3).swing(0.25).color(""red"")
$clap: sound(""cp"").beat(""4,12"", 16).bank(""RolandTR808"").gain(0.3).room(0.4).swing(0.25).color(""yellow"")","2026-03-01 00:27:05.258172+00",,
"102","0e12f120-dd74-41b5-93a2-0bc8b78b1ace","3","setcps(85/60/4)
$keys: chord(""<EbM9 AbM9 Fm9 Bb7>"").voicing().sound(""piano"").lpf(sine.range(1000, 2000).slow(8)).room(0.5).gain(rand.range(0.25, 0.35))._pianoroll().delay(0.15).delaytime(0.3).delayfeedback(0.4).color(""purple"")
$bass: note(""Eb2 ~ G2 F2 ~ Ab2 Bb2 ~"").sound(""triangle"").lpf(400).gain(0.45).swing(0.25).color(""blue"")
$kick: sound(""bd:4"").beat(""0,6,10,14"", 16).bank(""RolandTR808"").gain(0.3).swing(0.25).color(""red"")
$clap: sound(""cp"").beat(""4,12"", 16).bank(""RolandTR808"").gain(0.3).room(0.4).swing(0.25).color(""yellow"")","2026-03-01 00:27:06.881205+00","clap","drum"
"103","0e12f120-dd74-41b5-93a2-0bc8b78b1ace","5","setcps(85/60/4)
$keys: chord(""<EbM9 AbM9 Fm9 Bb7>"").voicing().sound(""piano"").lpf(sine.range(1000, 2000).slow(8)).room(0.5).gain(rand.range(0.25, 0.35))._pianoroll().delay(0.15).delaytime(0.3).delayfeedback(0.4).color(""purple"")
$bass: note(""Eb2 ~ G2 F2 ~ Ab2 Bb2 ~"").sound(""triangle"").lpf(400).gain(0.45).swing(0.25).color(""blue"")
$kick: sound(""bd:4"").beat(""0,6,10,14"", 16).bank(""RolandTR808"").gain(0.3).swing(0.25).color(""red"")
$clap: sound(""cp"").beat(""4,12"", 16).bank(""RolandTR808"").gain(0.3).room(0.4).swing(0.25).color(""yellow"")","2026-03-01 00:27:08.897602+00","keys","synth"
"104","0e12f120-dd74-41b5-93a2-0bc8b78b1ace","3","setcps(85/60/4)
$keys: chord(""<EbM9 AbM9 Fm9 Bb7>"").voicing().sound(""piano"").lpf(sine.range(1000, 2000).slow(8)).room(0.5).gain(rand.range(0.25, 0.35))._pianoroll().delay(0.15).delaytime(0.3).delayfeedback(0.4).color(""purple"")
$bass: note(""Eb2 ~ G2 F2 ~ Ab2 Bb2 ~"").sound(""triangle"").lpf(400).gain(0.45).swing(0.25).color(""blue"")
$kick: sound(""bd:4"").beat(""0,6,10,14"", 16).bank(""RolandTR808"").gain(0.3).swing(0.25).color(""red"")
$clap: sound(""cp"").beat(""4,12"", 16).bank(""RolandTR808"").gain(0.3).room(0.4).swing(0.25).color(""yellow"")","2026-03-01 00:27:09.775863+00","bass","bass"
"105","0e12f120-dd74-41b5-93a2-0bc8b78b1ace","3","setcps(85/60/4)
$keys: chord(""<EbM9 AbM9 Fm9 Bb7>"").voicing().sound(""piano"").lpf(sine.range(1000, 2000).slow(8)).room(0.5).gain(rand.range(0.25, 0.35))._pianoroll().delay(0.15).delaytime(0.3).delayfeedback(0.4).color(""purple"")
$bass: note(""Eb2 ~ G2 F2 ~ Ab2 Bb2 ~"").sound(""triangle"").lpf(400).gain(0.45).swing(0.25).color(""blue"")
$kick: sound(""bd:4"").beat(""0,6,10,14"", 16).bank(""RolandTR808"").gain(0.3).swing(0.25).color(""red"")
$clap: sound(""cp"").beat(""4,12"", 16).bank(""RolandTR808"").gain(0.3).room(0.4).swing(0.25).color(""yellow"")","2026-03-01 00:27:10.038422+00","kick","drum"